Workbook
Name Б3: #REF!

Sheet ДЛЯ КАЮ
A1: Нир и Тр | D1: Карантин | H1: Реестр План/Факт | J1: Сортность | N1: ТМЦ
A2: Период | B2: Нир | C2: Тр | D2: Период | E2: Nзадачи | F2: Тср (ч) | G2: Т48+ | H2: Период | I2: Среднее общее | J2: Период | K2: Сырье,% | L2: Промежуточный контроль,% | M2: Готовая ткань,% | N2: Период | O2: Отклонение (дни) среднее | P2: %
A3: =WEEKNUM(TODAY(),21) -> 12 | D3: =WEEKNUM(TODAY(),21) -> 12 | H3: =WEEKNUM(TODAY(),21) -> 12 | I3: =IFERROR(INDEX(Реестр_План_Факт!AO373:AO425,MATCH(A3,Реестр_План_Факт!A373:A425,0)),0) -> 1.0601021 | J3: =WEEKNUM(TODAY(),21) -> 12 | K3: =IFERROR(INDEX(Сортность!H2:H54,MATCH($A3,Сортность!$G2:$G54,0)),0) -> 99.64 | L3: =IFERROR(INDEX(Сортность!I2:I54,MATCH($A3,Сортность!$G2:$G54,0)),0) -> 98.335 | M3: =IFERROR(INDEX(Сортность!J2:J54,MATCH($A3,Сортность!$G2:$G54,0)),0) -> 98.47 | N3: =WEEKNUM(TODAY(),21) -> 12
A4: Март | B4: =IFERROR(INDEX(НИР_ТР!B2:B13,MATCH(A4,НИР_ТР!A2:A13,0)),0) -> 0 | C4: =IFERROR(INDEX(НИР_ТР!C2:C13,MATCH(A4,НИР_ТР!A2:A13,0)),0) -> 0 | D4: Март | E4: =COUNTIFS(Карантин!D:D,"<>",Карантин!G:G,D4&" "&D5) -> 13 | F4: =IFERROR(INT(AVERAGEIFS(Карантин!E:E,Карантин!G:G,D4&" "&D5))&" час "&ROUND((AVERAGEIFS(Карантин!E:E,Карантин!G:G,D4&" "&D5)-INT(AVERAGEIFS(Карантин!E:E,Карантин!G:G,D4&" "&D5)))*60,0)&" минут",0) -> 1 час 31 минут | G4: =COUNTIFS(Карантин!E:E,">48",Карантин!G:G,D4&" "&D5) -> 0 | H4: Март | I4: =IFERROR(INDEX(Реестр_План_Факт!AO427:AO438,MATCH(H4,Реестр_План_Факт!A427:A438,0)),0) -> 1.0037129 | J4: Март | K4: =IFERROR(INDEX(Сортность!L2:L13,MATCH($J4,Сортность!$K2:$K13,0)),0) -> 98.679286 | L4: =IFERROR(INDEX(Сортность!M2:M13,MATCH($J4,Сортность!$K2:$K13,0)),0) -> 93.616429 | M4: =IFERROR(INDEX(Сортность!N2:N13,MATCH($J4,Сортность!$K2:$K13,0)),0) -> 98.235 | N4: Март | O4: =IFERROR(AVERAGEIFS(ВЭД_ТМЦ!L:L,ВЭД_ТМЦ!N:N,N4&" "&N5),0) -> -9.4545455 | P4: =IFERROR(AVERAGEIFS(ВЭД_ТМЦ!$M:$M,ВЭД_ТМЦ!$J:$J,">="&DATE(YEAR(TODAY()),MONTH(TODAY()),1),ВЭД_ТМЦ!$J:$J,"<"&EOMONTH(TODAY(),0)+1),0) -> -0.073851975
A5: =YEAR(TODAY()) -> 2026 | B5: =НИР_ТР!B14 -> 0 | C5: =НИР_ТР!C14 -> 0 | D5: =YEAR(TODAY()) -> 2026 | E5: =COUNTIFS(Карантин!D:D,"<>",Карантин!G:G,"*"&A5) -> 14 | F5: =IFERROR(INT(AVERAGEIFS(Карантин!E:E,Карантин!G:G,"*"&A5))&" час "&ROUND((AVERAGEIFS(Карантин!E:E,Карантин!G:G,"*"&A5)-INT(AVERAGEIFS(Карантин!E:E,Карантин!G:G,"*"&A5)))*60,0)&" минут","") -> 1 час 25 минут | G5: =COUNTIFS(Карантин!E:E,">48",Карантин!G:G,"*"&D5) -> 0 | H5: =YEAR(TODAY()) -> 2026 | I5: =Реестр_План_Факт!AO440 -> 1.0037129 | J5: =YEAR(TODAY()) -> 2026 | K5: =Сортность!L14 -> 98.679286 | L5: =Сортность!M14 -> 93.616429 | M5: =Сортность!N14 -> 98.6475 | N5: =YEAR(TODAY()) -> 2026 | O5: =IFERROR(SUMIFS(ВЭД_ТМЦ!$L:$L,ВЭД_ТМЦ!$J:$J,">="&DATE(YEAR(TODAY()),1,1),ВЭД_ТМЦ!$J:$J,"<"&TODAY()+1),0) -> -108 | P5: =IFERROR(SUMPRODUCT((ВЭД_ТМЦ!$J$2:$J$5000>=DATE(YEAR(TODAY()),1,1))*(ВЭД_ТМЦ!$J$2:$J$5000<TODAY()+1)*(ВЭД_ТМЦ!$I$2:$I$5000<>"")*(ВЭД_ТМЦ!$K$2:$K$5000<>"")*(ВЭД_ТМЦ!$I$2:$I$5000>ВЭД_ТМЦ!$K$2:$K$5000)*(ВЭД_ТМЦ!$J$2:$J$5000-ВЭД_ТМЦ!$I$2:$I$5000))/SUMPRODUCT((ВЭД_ТМЦ!$J$2:$J$5000>=DATE(YEAR(TODAY()),1,1))*(ВЭД_ТМЦ!$J$2:$J$5000<TODAY()+1)*(ВЭД_ТМЦ!$I$2:$I$5000<>"")*(ВЭД_ТМЦ!$K$2:$K$5000<>"")*(ВЭД_ТМЦ!$I$2:$I$5000>ВЭД_ТМЦ!$K$2:$K$5000)*(ВЭД_ТМЦ!$I$2:$I$5000-ВЭД_ТМЦ!$K$2:$K$5000)),0) -> -0.064864865
A6: Чистота
A7: Период | B7: ОТК | C7: Б2 | D7: Б3 | E7: Б4 | F7: Крашение | G7: СШМ | H7: Лабдип | I7: Мембрана | J7: Ворсование | K7: Тумблирование | L7: Вязание | M7: Ленты | N7: Склад ГП | O7: Склад сырья | P7: Лаборатория | Q7: Печать(ЦП+ВП) | R7: Техническое обслуживание чистоты
A8: =WEEKNUM(TODAY(),21) -> 12
A9: Февраль | B9: =IFERROR(INDEX(Чистота_Порядок!B2:B13,MATCH($A9,Чистота_Порядок!$A2:$A13,0)),0) -> 4.4 | C9: =IFERROR(INDEX(Чистота_Порядок!C2:C13,MATCH($A9,Чистота_Порядок!$A2:$A13,0)),0) -> 4.3 | D9: =IFERROR(INDEX(Чистота_Порядок!D2:D13,MATCH($A9,Чистота_Порядок!$A2:$A13,0)),0) -> 4.2 | E9: =IFERROR(INDEX(Чистота_Порядок!E2:E13,MATCH($A9,Чистота_Порядок!$A2:$A13,0)),0) -> 4.3 | F9: =IFERROR(INDEX(Чистота_Порядок!F2:F13,MATCH($A9,Чистота_Порядок!$A2:$A13,0)),0) -> 4.3 | G9: =IFERROR(INDEX(Чистота_Порядок!G2:G13,MATCH($A9,Чистота_Порядок!$A2:$A13,0)),0) -> 4.3 | H9: =IFERROR(INDEX(Чистота_Порядок!H2:H13,MATCH($A9,Чистота_Порядок!$A2:$A13,0)),0) -> 4.3 | I9: =IFERROR(INDEX(Чистота_Порядок!I2:I13,MATCH($A9,Чистота_Порядок!$A2:$A13,0)),0) -> 4.4 | ... R9: =IFERROR(INDEX(Чистота_Порядок!R2:R13,MATCH($A9,Чистота_Порядок!$A2:$A13,0)),0) -> 5
A10: =YEAR(TODAY()) -> 2026

Sheet Поступления_Тех
A1: month_date | B1: plan_k_rub | C1: fact_k_rub | D1: source_sheet | E1: source_row | F1: Месяц
A2: =DATE(YEAR(Деньги_Отгрузки!E15),MONTH(Деньги_Отгрузки!E15),1) -> 44197 | B2: =Деньги_Отгрузки!E16 -> 150000 | C2: =Деньги_Отгрузки!E17 -> 37242.239 | D2: Деньги_Отгрузки | E2: 15 | F2: Январь
A3: =DATE(YEAR(Деньги_Отгрузки!F15),MONTH(Деньги_Отгрузки!F15),1) -> 44228 | B3: =Деньги_Отгрузки!F16 -> 150000 | C3: =Деньги_Отгрузки!F17 -> 175897.67 | D3: Деньги_Отгрузки | E3: 15 | F3: Февраль
A4: =DATE(YEAR(Деньги_Отгрузки!G15),MONTH(Деньги_Отгрузки!G15),1) -> 44256 | B4: =Деньги_Отгрузки!G16 -> 150000 | C4: =Деньги_Отгрузки!G17 -> 0 | D4: Деньги_Отгрузки | E4: 15 | F4: Март
A5: =DATE(YEAR(Деньги_Отгрузки!H15),MONTH(Деньги_Отгрузки!H15),1) -> 44287 | B5: =Деньги_Отгрузки!H16 -> 150000 | C5: =Деньги_Отгрузки!H17 -> 0 | D5: Деньги_Отгрузки | E5: 15 | F5: Апрель
A6: =DATE(YEAR(Деньги_Отгрузки!I15),MONTH(Деньги_Отгрузки!I15),1) -> 44317 | B6: =Деньги_Отгрузки!I16 -> 150000 | C6: =Деньги_Отгрузки!I17 -> 0 | D6: Деньги_Отгрузки | E6: 15 | F6: Май
A7: =DATE(YEAR(Деньги_Отгрузки!J15),MONTH(Деньги_Отгрузки!J15),1) -> 44348 | B7: =Деньги_Отгрузки!J16 -> 150000 | C7: =Деньги_Отгрузки!J17 -> 0 | D7: Деньги_Отгрузки | E7: 15 | F7: Июнь
A8: =DATE(YEAR(Деньги_Отгрузки!K15),MONTH(Деньги_Отгрузки!K15),1) -> 44378 | B8: =Деньги_Отгрузки!K16 -> 150000 | C8: =Деньги_Отгрузки!K17 -> 0 | D8: Деньги_Отгрузки | E8: 15 | F8: Июль
A9: =DATE(YEAR(Деньги_Отгрузки!L15),MONTH(Деньги_Отгрузки!L15),1) -> 44409 | B9: =Деньги_Отгрузки!L16 -> 150000 | C9: =Деньги_Отгрузки!L17 -> 0 | D9: Деньги_Отгрузки | E9: 15 | F9: Август
A10: =DATE(YEAR(Деньги_Отгрузки!M15),MONTH(Деньги_Отгрузки!M15),1) -> 44440 | B10: =Деньги_Отгрузки!M16 -> 150000 | C10: =Деньги_Отгрузки!M17 -> 0 | D10: Деньги_Отгрузки | E10: 15 | F10: Сентябрь
A11: =DATE(YEAR(Деньги_Отгрузки!N15),MONTH(Деньги_Отгрузки!N15),1) -> 44470 | B11: =Деньги_Отгрузки!N16 -> 150000 | C11: =Деньги_Отгрузки!N17 -> 0 | D11: Деньги_Отгрузки | E11: 15 | F11: Октябрь
A12: =DATE(YEAR(Деньги_Отгрузки!O15),MONTH(Деньги_Отгрузки!O15),1) -> 44501 | B12: =Деньги_Отгрузки!O16 -> 150000 | C12: =Деньги_Отгрузки!O17 -> 0 | D12: Деньги_Отгрузки | E12: 15 | F12: Ноябрь
A13: =DATE(YEAR(Деньги_Отгрузки!P15),MONTH(Деньги_Отгрузки!P15),1) -> 44531 | B13: =Деньги_Отгрузки!P16 -> 150000 | C13: =Деньги_Отгрузки!P17 -> 0 | D13: Деньги_Отгрузки | E13: 15 | F13: Декабрь

Sheet Отгрузки_Тех
A1: month_date | B1: shipment_volume_m | C1: shipment_value_k_rub | D1: source_sheet | E1: source_row | F1: Месяц
A2: =DATE(YEAR(Деньги_Отгрузки!E6),MONTH(Деньги_Отгрузки!E6),1) -> 44197 | B2: =Деньги_Отгрузки!E7 -> 155280.55 | C2: =Деньги_Отгрузки!E8 -> 49909.246 | D2: Деньги_Отгрузки | E2: 6 | F2: Январь
A3: =DATE(YEAR(Деньги_Отгрузки!F6),MONTH(Деньги_Отгрузки!F6),1) -> 44228 | B3: =Деньги_Отгрузки!F7 -> 61826.05 | C3: =Деньги_Отгрузки!F8 -> 44395.135 | D3: Деньги_Отгрузки | E3: 6 | F3: Февраль
A4: =DATE(YEAR(Деньги_Отгрузки!G6),MONTH(Деньги_Отгрузки!G6),1) -> 44256 | B4: =Деньги_Отгрузки!G7 -> 0 | C4: =Деньги_Отгрузки!G8 -> 0 | D4: Деньги_Отгрузки | E4: 6 | F4: Март
A5: =DATE(YEAR(Деньги_Отгрузки!H6),MONTH(Деньги_Отгрузки!H6),1) -> 44287 | B5: =Деньги_Отгрузки!H7 -> 0 | C5: =Деньги_Отгрузки!H8 -> 0 | D5: Деньги_Отгрузки | E5: 6 | F5: Апрель
A6: =DATE(YEAR(Деньги_Отгрузки!I6),MONTH(Деньги_Отгрузки!I6),1) -> 44317 | B6: =Деньги_Отгрузки!I7 -> 0 | C6: =Деньги_Отгрузки!I8 -> 0 | D6: Деньги_Отгрузки | E6: 6 | F6: Май
A7: =DATE(YEAR(Деньги_Отгрузки!J6),MONTH(Деньги_Отгрузки!J6),1) -> 44348 | B7: =Деньги_Отгрузки!J7 -> 0 | C7: =Деньги_Отгрузки!J8 -> 0 | D7: Деньги_Отгрузки | E7: 6 | F7: Июнь
A8: =DATE(YEAR(Деньги_Отгрузки!K6),MONTH(Деньги_Отгрузки!K6),1) -> 44378 | B8: =Деньги_Отгрузки!K7 -> 0 | C8: =Деньги_Отгрузки!K8 -> 0 | D8: Деньги_Отгрузки | E8: 6 | F8: Июль
A9: =DATE(YEAR(Деньги_Отгрузки!L6),MONTH(Деньги_Отгрузки!L6),1) -> 44409 | B9: =Деньги_Отгрузки!L7 -> 0 | C9: =Деньги_Отгрузки!L8 -> 0 | D9: Деньги_Отгрузки | E9: 6 | F9: Август
A10: =DATE(YEAR(Деньги_Отгрузки!M6),MONTH(Деньги_Отгрузки!M6),1) -> 44440 | B10: =Деньги_Отгрузки!M7 -> 0 | C10: =Деньги_Отгрузки!M8 -> 0 | D10: Деньги_Отгрузки | E10: 6 | F10: Сентябрь
A11: =DATE(YEAR(Деньги_Отгрузки!N6),MONTH(Деньги_Отгрузки!N6),1) -> 44470 | B11: =Деньги_Отгрузки!N7 -> 0 | C11: =Деньги_Отгрузки!N8 -> 0 | D11: Деньги_Отгрузки | E11: 6 | F11: Октябрь
A12: =DATE(YEAR(Деньги_Отгрузки!O6),MONTH(Деньги_Отгрузки!O6),1) -> 44501 | B12: =Деньги_Отгрузки!O7 -> 0 | C12: =Деньги_Отгрузки!O8 -> 0 | D12: Деньги_Отгрузки | E12: 6 | F12: Ноябрь
A13: =DATE(YEAR(Деньги_Отгрузки!P6),MONTH(Деньги_Отгрузки!P6),1) -> 44531 | B13: =Деньги_Отгрузки!P7 -> 0 | C13: =Деньги_Отгрузки!P8 -> 0 | D13: Деньги_Отгрузки | E13: 6 | F13: Декабрь

Sheet Деньги_Отгрузки
C2: Объем и стоимость отгружаемых товаров
C4: Отгружено, тыс. руб.
E6: 44197 | F6: 44228 | G6: 44256 | H6: 44287 | I6: 44317 | J6: 44348 | K6: 44378 | L6: 44409 | M6: 44440 | N6: 44470 | O6: 44501 | P6: 44531
C7: Объем факт, метры погонные | E7: 155280.55 | F7: 61826.05
C8: Стоимость факт, тыс. руб. | E8: 49909.246 | F8: 44395.135
C11: Поступление денежных средств
C13: Выручка тыс. руб.
E15: 44197 | F15: 44228 | G15: 44256 | H15: 44287 | I15: 44317 | J15: 44348 | K15: 44378 | L15: 44409 | M15: 44440 | N15: 44470 | O15: 44501 | P15: 44531
C16: План, тыс. руб. | E16: 150000 | F16: 150000 | G16: 150000 | H16: 150000 | I16: 150000 | J16: 150000 | K16: 150000 | L16: 150000 | M16: 150000 | N16: 150000 | O16: 150000 | P16: 150000
C17: Факт, тыс. руб. | E17: 37242.239 | F17: 175897.67

Sheet НИР_ТР
A1: Статус"закрыто" | B1: НИР | C1: ТР
A2: Январь | B2: 0 | C2: 0
A3: Февраль | B3: 0 | C3: 0
A4: Март
A5: Апрель
A6: Май
A7: Июнь
A8: Июль
A9: Август
A10: Сентябрь
A11: Октябрь
A12: Ноябрь
A13: Декабрь
A14: 2026 | B14: =SUM(B2:B13) -> 0 | C14: =SUM(C2:C13) -> 0

Sheet Реестр_План_Факт
A1: Дата | B1: Неделя | C1: Месяц | D1: План Б2.Б3,Б4, м.пог. | E1: Факт Б2.Б3,Б4, м.пог. | F1: % выполнения Б2.Б3,Б4 | G1: План цветная печать, м.пог. | H1: Факт цветная печать, м.пог. | I1: % выполнения цветная печать | J1: План валовая печать,м.пог. | K1: Факт валовая печать,м.пог. | L1: % выполнения валовая печать | M1: План Джиггер1,2 ;Джет, циклы | N1: Факт Джиггер 1,2;Джет,циклы | O1: % выполнения Джиггер 1,2;Джет,циклы | P1: План Жгут циклы | Q1: Факт Жгут циклы | R1: % выполнения Жгут циклы | S1: План СШМ, м.пог. | T1: Факт СШМ, м.пог. | U1: % выполнения СШМ | V1: План СШМ,кг(флис) | W1: Факт СШМ,кг(флис) | X1: % выполнения СШМ,кг(флис) | Y1: План мембрана, м.пог. | Z1: Факт мембрана, м.пог. | AA1: % выполнения мембрана | AB1: План ленты(1-й слой), м.пог. | AC1: Факт ленты(1-й слой), м.пог. | AD1: % выполнения ленты(1-й слой) | AE1: Ленты(резка), м.пог. 1 | AF1: Ленты(резка), м.пог. 2 | AG1: % выполнения Ленты(резка) | AH1: План флис(вязание) ,кг | AI1: Факт Флис(вязание),кг | AJ1: % выполнения Флис(вязание) | AK1: План флис(ворсование),кг. | AL1: Факт флис(ворсование),кг. | AM1: % выполнения флис(ворсование) | AN1: План флис(тумблировние),кг | AO1: Факт флис(тумблировние),кг | AP1: % выполнения флис(тумблировние),кг
A2: 46023 | B2: =ROUNDUP((A2-DATE(YEAR(A2),1,1)+WEEKDAY(DATE(YEAR(A2),1,1),2))/7,0) -> 1 | C2: =MONTH(A2) -> 1 | F2: =IFERROR(E2/D2,"") | L2: =IFERROR(K2/J2,"") | O2: =IFERROR(N2/M2,"") | R2: =IFERROR(Q2/P2,"") | U2: =IFERROR(T2/S2,"") | X2: =IFERROR(W2/V2,"") | AA2: =IFERROR(Z2/Y2,"") | AD2: =IFERROR(AC2/AB2,"") | AG2: =IFERROR(AF2/AE2,"") | AJ2: =IFERROR(AI2/AH2,"") | AM2: =IFERROR(AL2/AK2,"") | AP2: =IFERROR(AO2/AN2,"")
A3: 46024 | B3: =ROUNDUP((A3-DATE(YEAR(A3),1,1)+WEEKDAY(DATE(YEAR(A3),1,1),2))/7,0) -> 1 | C3: =MONTH(A3) -> 1 | F3: =IFERROR(E3/D3,"") | I3: =IFERROR(H3/G3,"") | L3: =IFERROR(K3/J3,"") | O3: =IFERROR(N3/M3,"") | R3: =IFERROR(Q3/P3,"") | U3: =IFERROR(T3/S3,"") | X3: =IFERROR(W3/V3,"") | AA3: =IFERROR(Z3/Y3,"") | AD3: =IFERROR(AC3/AB3,"") | AG3: =IFERROR(AF3/AE3,"") | AJ3: =IFERROR(AI3/AH3,"") | AM3: =IFERROR(AL3/AK3,"") | AP3: =IFERROR(AO3/AN3,"")
A4: 46025 | B4: =ROUNDUP((A4-DATE(YEAR(A4),1,1)+WEEKDAY(DATE(YEAR(A4),1,1),2))/7,0) -> 1 | C4: =MONTH(A4) -> 1 | F4: =IFERROR(E4/D4,"") | I4: =IFERROR(H4/G4,"") | L4: =IFERROR(K4/J4,"") | O4: =IFERROR(N4/M4,"") | R4: =IFERROR(Q4/P4,"") | U4: =IFERROR(T4/S4,"") | X4: =IFERROR(W4/V4,"") | AA4: =IFERROR(Z4/Y4,"") | AD4: =IFERROR(AC4/AB4,"") | AG4: =IFERROR(AF4/AE4,"") | AJ4: =IFERROR(AI4/AH4,"") | AM4: =IFERROR(AL4/AK4,"") | AP4: =IFERROR(AO4/AN4,"")
A5: 46026 | B5: =ROUNDUP((A5-DATE(YEAR(A5),1,1)+WEEKDAY(DATE(YEAR(A5),1,1),2))/7,0) -> 1 | C5: =MONTH(A5) -> 1 | F5: =IFERROR(E5/D5,"") | I5: =IFERROR(H5/G5,"") | L5: =IFERROR(K5/J5,"") | O5: =IFERROR(N5/M5,"") | R5: =IFERROR(Q5/P5,"") | U5: =IFERROR(T5/S5,"") | X5: =IFERROR(W5/V5,"") | AA5: =IFERROR(Z5/Y5,"") | AD5: =IFERROR(AC5/AB5,"") | AG5: =IFERROR(AF5/AE5,"") | AJ5: =IFERROR(AI5/AH5,"") | AM5: =IFERROR(AL5/AK5,"") | AP5: =IFERROR(AO5/AN5,"")
A6: 46027 | B6: =ROUNDUP((A6-DATE(YEAR(A6),1,1)+WEEKDAY(DATE(YEAR(A6),1,1),2))/7,0) -> 2 | C6: =MONTH(A6) -> 1 | F6: =IFERROR(E6/D6,"") | I6: =IFERROR(H6/G6,"") | L6: =IFERROR(K6/J6,"") | O6: =IFERROR(N6/M6,"") | R6: =IFERROR(Q6/P6,"") | U6: =IFERROR(T6/S6,"") | X6: =IFERROR(W6/V6,"") | AA6: =IFERROR(Z6/Y6,"") | AD6: =IFERROR(AC6/AB6,"") | AG6: =IFERROR(AF6/AE6,"") | AJ6: =IFERROR(AI6/AH6,"") | AM6: =IFERROR(AL6/AK6,"") | AP6: =IFERROR(AO6/AN6,"")
A7: 46028 | B7: =ROUNDUP((A7-DATE(YEAR(A7),1,1)+WEEKDAY(DATE(YEAR(A7),1,1),2))/7,0) -> 2 | C7: =MONTH(A7) -> 1 | F7: =IFERROR(E7/D7,"") | I7: =IFERROR(H7/G7,"") | L7: =IFERROR(K7/J7,"") | O7: =IFERROR(N7/M7,"") | R7: =IFERROR(Q7/P7,"") | U7: =IFERROR(T7/S7,"") | X7: =IFERROR(W7/V7,"") | AA7: =IFERROR(Z7/Y7,"") | AD7: =IFERROR(AC7/AB7,"") | AG7: =IFERROR(AF7/AE7,"") | AJ7: =IFERROR(AI7/AH7,"") | AM7: =IFERROR(AL7/AK7,"") | AP7: =IFERROR(AO7/AN7,"")
A8: 46029 | B8: =ROUNDUP((A8-DATE(YEAR(A8),1,1)+WEEKDAY(DATE(YEAR(A8),1,1),2))/7,0) -> 2 | C8: =MONTH(A8) -> 1 | F8: =IFERROR(E8/D8,"") | I8: =IFERROR(H8/G8,"") | L8: =IFERROR(K8/J8,"") | O8: =IFERROR(N8/M8,"") | R8: =IFERROR(Q8/P8,"") | U8: =IFERROR(T8/S8,"") | X8: =IFERROR(W8/V8,"") | AA8: =IFERROR(Z8/Y8,"") | AD8: =IFERROR(AC8/AB8,"") | AG8: =IFERROR(AF8/AE8,"") | AJ8: =IFERROR(AI8/AH8,"") | AM8: =IFERROR(AL8/AK8,"") | AP8: =IFERROR(AO8/AN8,"")
A9: 46030 | B9: =ROUNDUP((A9-DATE(YEAR(A9),1,1)+WEEKDAY(DATE(YEAR(A9),1,1),2))/7,0) -> 2 | C9: =MONTH(A9) -> 1 | F9: =IFERROR(E9/D9,"") | I9: =IFERROR(H9/G9,"") | L9: =IFERROR(K9/J9,"") | O9: =IFERROR(N9/M9,"") | R9: =IFERROR(Q9/P9,"") | U9: =IFERROR(T9/S9,"") | X9: =IFERROR(W9/V9,"") | AA9: =IFERROR(Z9/Y9,"") | AD9: =IFERROR(AC9/AB9,"") | AG9: =IFERROR(AF9/AE9,"") | AJ9: =IFERROR(AI9/AH9,"") | AM9: =IFERROR(AL9/AK9,"") | AP9: =IFERROR(AO9/AN9,"")
A10: 46031 | B10: =ROUNDUP((A10-DATE(YEAR(A10),1,1)+WEEKDAY(DATE(YEAR(A10),1,1),2))/7,0) -> 2 | C10: =MONTH(A10) -> 1 | F10: =IFERROR(E10/D10,"") | I10: =IFERROR(H10/G10,"") | L10: =IFERROR(K10/J10,"") | O10: =IFERROR(N10/M10,"") | R10: =IFERROR(Q10/P10,"") | U10: =IFERROR(T10/S10,"") | X10: =IFERROR(W10/V10,"") | AA10: =IFERROR(Z10/Y10,"") | AD10: =IFERROR(AC10/AB10,"") | AG10: =IFERROR(AF10/AE10,"") | AJ10: =IFERROR(AI10/AH10,"") | AM10: =IFERROR(AL10/AK10,"") | AP10: =IFERROR(AO10/AN10,"")
A11: 46032 | B11: =ROUNDUP((A11-DATE(YEAR(A11),1,1)+WEEKDAY(DATE(YEAR(A11),1,1),2))/7,0) -> 2 | C11: =MONTH(A11) -> 1 | F11: =IFERROR(E11/D11,"") | I11: =IFERROR(H11/G11,"") | L11: =IFERROR(K11/J11,"") | O11: =IFERROR(N11/M11,"") | R11: =IFERROR(Q11/P11,"") | U11: =IFERROR(T11/S11,"") | X11: =IFERROR(W11/V11,"") | AA11: =IFERROR(Z11/Y11,"") | AD11: =IFERROR(AC11/AB11,"") | AG11: =IFERROR(AF11/AE11,"") | AJ11: =IFERROR(AI11/AH11,"") | AM11: =IFERROR(AL11/AK11,"") | AP11: =IFERROR(AO11/AN11,"")
A12: 46033 | B12: =ROUNDUP((A12-DATE(YEAR(A12),1,1)+WEEKDAY(DATE(YEAR(A12),1,1),2))/7,0) -> 2 | C12: =MONTH(A12) -> 1 | F12: =IFERROR(E12/D12,"") | I12: =IFERROR(H12/G12,"") | L12: =IFERROR(K12/J12,"") | O12: =IFERROR(N12/M12,"") | R12: =IFERROR(Q12/P12,"") | U12: =IFERROR(T12/S12,"") | X12: =IFERROR(W12/V12,"") | AA12: =IFERROR(Z12/Y12,"") | AD12: =IFERROR(AC12/AB12,"") | AG12: =IFERROR(AF12/AE12,"") | AJ12: =IFERROR(AI12/AH12,"") | AM12: =IFERROR(AL12/AK12,"") | AP12: =IFERROR(AO12/AN12,"")
A13: 46034 | B13: =ROUNDUP((A13-DATE(YEAR(A13),1,1)+WEEKDAY(DATE(YEAR(A13),1,1),2))/7,0) -> 3 | C13: =MONTH(A13) -> 1 | F13: =IFERROR(E13/D13,"") | I13: =IFERROR(H13/G13,"") | L13: =IFERROR(K13/J13,"") | O13: =IFERROR(N13/M13,"") | R13: =IFERROR(Q13/P13,"") | U13: =IFERROR(T13/S13,"") | X13: =IFERROR(W13/V13,"") | AA13: =IFERROR(Z13/Y13,"") | AD13: =IFERROR(AC13/AB13,"") | AG13: =IFERROR(AF13/AE13,"") | AJ13: =IFERROR(AI13/AH13,"") | AM13: =IFERROR(AL13/AK13,"") | AP13: =IFERROR(AO13/AN13,"")
A14: 46035 | B14: =ROUNDUP((A14-DATE(YEAR(A14),1,1)+WEEKDAY(DATE(YEAR(A14),1,1),2))/7,0) -> 3 | C14: =MONTH(A14) -> 1 | F14: =IFERROR(E14/D14,"") | I14: =IFERROR(H14/G14,"") | L14: =IFERROR(K14/J14,"") | O14: =IFERROR(N14/M14,"") | R14: =IFERROR(Q14/P14,"") | U14: =IFERROR(T14/S14,"") | X14: =IFERROR(W14/V14,"") | AA14: =IFERROR(Z14/Y14,"") | AD14: =IFERROR(AC14/AB14,"") | AG14: =IFERROR(AF14/AE14,"") | AJ14: =IFERROR(AI14/AH14,"") | AM14: =IFERROR(AL14/AK14,"") | AP14: =IFERROR(AO14/AN14,"")
... A61: 46082 | B61: =ROUNDUP((A61-DATE(YEAR(A61),1,1)+WEEKDAY(DATE(YEAR(A61),1,1),2))/7,0) -> 9 | C61: =MONTH(A61) -> 3 | F61: =IFERROR(E61/D61,"") | I61: =IFERROR(H61/G61,"") | L61: =IFERROR(K61/J61,"") | O61: =IFERROR(N61/M61,"") | R61: =IFERROR(Q61/P61,"") | U61: =IFERROR(T61/S61,"") | X61: =IFERROR(W61/V61,"") | AA61: =IFERROR(Z61/Y61,"") | AD61: =IFERROR(AC61/AB61,"") | AG61: =IFERROR(AF61/AE61,"") | AJ61: =IFERROR(AI61/AH61,"") | AM61: =IFERROR(AL61/AK61,"") | AP61: =IFERROR(AO61/AN61,"")
A62: 46083 | B62: =ROUNDUP((A62-DATE(YEAR(A62),1,1)+WEEKDAY(DATE(YEAR(A62),1,1),2))/7,0) -> 10 | C62: =MONTH(A62) -> 3 | D62: 10410 | E62: 12051 | F62: =IFERROR(E62/D62,"") -> 1.1576369 | G62: 0 | H62: 0 | I62: =IFERROR(H62/G62,"") | J62: 0 | K62: 0 | L62: =IFERROR(K62/J62,"") | M62: 1 | N62: 1 | O62: =IFERROR(N62/M62,"") -> 1 | P62: 3 | Q62: 3 | R62: =IFERROR(Q62/P62,"") -> 1 | S62: 10918 | T62: 5605 | U62: =IFERROR(T62/S62,"") -> 0.51337241 | V62: 400 | W62: 14 | X62: =IFERROR(W62/V62,"") -> 0.035 | Y62: 0 | Z62: 0 | AA62: =IFERROR(Z62/Y62,"") | AB62: 200000 | AC62: 210680 | AD62: =IFERROR(AC62/AB62,"") -> 1.0534 | AE62: 200000 | AF62: 210680 | AG62: =IFERROR(AF62/AE62,"") -> 1.0534 | AH62: 280 | AI62: 280.15 | AJ62: =IFERROR(AI62/AH62,"") -> 1.0005357 | AK62: 0 | AL62: 0 | AM62: =IFERROR(AL62/AK62,"") | AN62: 8 | AO62: 8 | AP62: =IFERROR(AO62/AN62,"") -> 1
A63: 46084 | B63: =ROUNDUP((A63-DATE(YEAR(A63),1,1)+WEEKDAY(DATE(YEAR(A63),1,1),2))/7,0) -> 10 | C63: =MONTH(A63) -> 3 | D63: 7860 | E63: 10653 | F63: =IFERROR(E63/D63,"") -> 1.3553435 | G63: 0 | H63: 0 | I63: =IFERROR(H63/G63,"") | J63: 0 | K63: 0 | L63: =IFERROR(K63/J63,"") | M63: 2 | N63: 1 | O63: =IFERROR(N63/M63,"") -> 0.5 | P63: 2 | Q63: 2 | R63: =IFERROR(Q63/P63,"") -> 1 | S63: 16000 | T63: 16348 | U63: =IFERROR(T63/S63,"") -> 1.02175 | V63: 0 | W63: 0 | X63: =IFERROR(W63/V63,"") | Y63: 0 | Z63: 0 | AA63: =IFERROR(Z63/Y63,"") | AB63: 0 | AC63: 0 | AD63: =IFERROR(AC63/AB63,"") | AE63: 20000 | AF63: =19900+900 -> 20800 | AG63: =IFERROR(AF63/AE63,"") -> 1.04 | AH63: 400 | AI63: 405.4 | AJ63: =IFERROR(AI63/AH63,"") -> 1.0135 | AK63: 800 | AL63: 768 | AM63: =IFERROR(AL63/AK63,"") -> 0.96 | AN63: 200 | AO63: 194 | AP63: =IFERROR(AO63/AN63,"") -> 0.97
A64: 46085 | B64: =ROUNDUP((A64-DATE(YEAR(A64),1,1)+WEEKDAY(DATE(YEAR(A64),1,1),2))/7,0) -> 10 | C64: =MONTH(A64) -> 3 | D64: 12406 | E64: 11717 | F64: =IFERROR(E64/D64,"") -> 0.94446236 | G64: 0 | H64: 0 | I64: =IFERROR(H64/G64,"") | J64: 0 | K64: 0 | L64: =IFERROR(K64/J64,"") | M64: 2 | N64: 2 | O64: =IFERROR(N64/M64,"") -> 1 | P64: 2 | Q64: 2 | R64: =IFERROR(Q64/P64,"") -> 1 | S64: 3040 | T64: 44 | U64: =IFERROR(T64/S64,"") -> 0.014473684 | V64: 1400 | W64: 1461 | X64: =IFERROR(W64/V64,"") -> 1.0435714 | Y64: 0 | Z64: 0 | AA64: =IFERROR(Z64/Y64,"") | AB64: 0 | AC64: 0 | AD64: =IFERROR(AC64/AB64,"") | AE64: 0 | AF64: 0 | AG64: =IFERROR(AF64/AE64,"") | AH64: 440 | AI64: 446.17 | AJ64: =IFERROR(AI64/AH64,"") -> 1.0140227 | AK64: 400 | AL64: 415 | AM64: =IFERROR(AL64/AK64,"") -> 1.0375 | AN64: 400 | AO64: 420 | AP64: =IFERROR(AO64/AN64,"") -> 1.05
A65: 46086 | B65: =ROUNDUP((A65-DATE(YEAR(A65),1,1)+WEEKDAY(DATE(YEAR(A65),1,1),2))/7,0) -> 10 | C65: =MONTH(A65) -> 3 | D65: 14070 | E65: 17525 | F65: =IFERROR(E65/D65,"") -> 1.2455579 | G65: 0 | H65: 0 | I65: =IFERROR(H65/G65,"") | J65: 0 | K65: 0 | L65: =IFERROR(K65/J65,"") | M65: 2 | N65: 2 | O65: =IFERROR(N65/M65,"") -> 1 | P65: 2 | Q65: 2 | R65: =IFERROR(Q65/P65,"") -> 1 | S65: 4500 | T65: 3031 | U65: =IFERROR(T65/S65,"") -> 0.67355556 | V65: 180 | W65: 0 | X65: =IFERROR(W65/V65,"") -> 0 | Y65: 0 | Z65: 0 | AA65: =IFERROR(Z65/Y65,"") | AB65: 0 | AC65: 0 | AD65: =IFERROR(AC65/AB65,"") | AE65: 0 | AF65: 0 | AG65: =IFERROR(AF65/AE65,"") | AH65: 450 | AI65: 497.25 | AJ65: =IFERROR(AI65/AH65,"") -> 1.105 | AK65: 0 | AL65: 0 | AM65: =IFERROR(AL65/AK65,"") | AN65: 180 | AO65: 217 | AP65: =IFERROR(AO65/AN65,"") -> 1.2055556 | AQ65: не было эл/энергии
A66: 46087 | B66: =ROUNDUP((A66-DATE(YEAR(A66),1,1)+WEEKDAY(DATE(YEAR(A66),1,1),2))/7,0) -> 10 | C66: =MONTH(A66) -> 3 | D66: 16167 | E66: 16044 | F66: =IFERROR(E66/D66,"") -> 0.99239191 | G66: 0 | H66: 0 | J66: 0 | K66: 0 | L66: =IFERROR(K66/J66,"") | M66: 2 | N66: 2 | O66: =IFERROR(N66/M66,"") -> 1 | P66: 1 | Q66: 1 | R66: =IFERROR(Q66/P66,"") -> 1 | S66: 7500 | T66: 7658 | U66: =IFERROR(T66/S66,"") -> 1.0210667 | V66: 220 | W66: 221 | X66: =IFERROR(W66/V66,"") -> 1.0045455 | Y66: 0 | Z66: 0 | AA66: =IFERROR(Z66/Y66,"") | AB66: 0 | AC66: 0 | AD66: =IFERROR(AC66/AB66,"") | AE66: 0 | AF66: 0 | AG66: =IFERROR(AF66/AE66,"") | AH66: 500 | AI66: 512 | AJ66: =IFERROR(AI66/AH66,"") -> 1.024 | AM66: =IFERROR(AL66/AK66,"") | AP66: =IFERROR(AO66/AN66,"")
A67: 46088 | B67: =ROUNDUP((A67-DATE(YEAR(A67),1,1)+WEEKDAY(DATE(YEAR(A67),1,1),2))/7,0) -> 10 | C67: =MONTH(A67) -> 3 | F67: =IFERROR(E67/D67,"") | I67: =IFERROR(H67/G67,"") | L67: =IFERROR(K67/J67,"") | M67: 5 | N67: 5 | O67: =IFERROR(N67/M67,"") -> 1 | R67: =IFERROR(Q67/P67,"") | U67: =IFERROR(T67/S67,"") | X67: =IFERROR(W67/V67,"") | AA67: =IFERROR(Z67/Y67,"") | AD67: =IFERROR(AC67/AB67,"") | AG67: =IFERROR(AF67/AE67,"") | AJ67: =IFERROR(AI67/AH67,"") | AM67: =IFERROR(AL67/AK67,"") | AP67: =IFERROR(AO67/AN67,"")
A68: 46089 | B68: =ROUNDUP((A68-DATE(YEAR(A68),1,1)+WEEKDAY(DATE(YEAR(A68),1,1),2))/7,0) -> 10 | C68: =MONTH(A68) -> 3 | F68: =IFERROR(E68/D68,"") | I68: =IFERROR(H68/G68,"") | L68: =IFERROR(K68/J68,"") | O68: =IFERROR(N68/M68,"") | R68: =IFERROR(Q68/P68,"") | U68: =IFERROR(T68/S68,"") | X68: =IFERROR(W68/V68,"") | AA68: =IFERROR(Z68/Y68,"") | AD68: =IFERROR(AC68/AB68,"") | AG68: =IFERROR(AF68/AE68,"") | AJ68: =IFERROR(AI68/AH68,"") | AM68: =IFERROR(AL68/AK68,"") | AP68: =IFERROR(AO68/AN68,"")
A69: 46090 | B69: =ROUNDUP((A69-DATE(YEAR(A69),1,1)+WEEKDAY(DATE(YEAR(A69),1,1),2))/7,0) -> 11 | C69: =MONTH(A69) -> 3 | F69: =IFERROR(E69/D69,"") | I69: =IFERROR(H69/G69,"") | L69: =IFERROR(K69/J69,"") | O69: =IFERROR(N69/M69,"") | R69: =IFERROR(Q69/P69,"") | U69: =IFERROR(T69/S69,"") | X69: =IFERROR(W69/V69,"") | AA69: =IFERROR(Z69/Y69,"") | AD69: =IFERROR(AC69/AB69,"") | AG69: =IFERROR(AF69/AE69,"") | AJ69: =IFERROR(AI69/AH69,"") | AM69: =IFERROR(AL69/AK69,"") | AP69: =IFERROR(AO69/AN69,"")
A70: 46091 | B70: =ROUNDUP((A70-DATE(YEAR(A70),1,1)+WEEKDAY(DATE(YEAR(A70),1,1),2))/7,0) -> 11 | C70: =MONTH(A70) -> 3 | D70: 19874 | E70: 15985 | F70: =IFERROR(E70/D70,"") -> 0.8043172 | G70: 0 | H70: 0 | I70: =IFERROR(H70/G70,"") | J70: 0 | K70: 0 | L70: =IFERROR(K70/J70,"") | M70: 1 | N70: 1 | O70: =IFERROR(N70/M70,"") -> 1 | P70: 0 | Q70: 0 | R70: =IFERROR(Q70/P70,"") | S70: 4000 | T70: 8400 | U70: =IFERROR(T70/S70,"") -> 2.1 | V70: 1260 | W70: 962.95 | X70: =IFERROR(W70/V70,"") -> 0.76424603 | Y70: 0 | Z70: 0 | AA70: =IFERROR(Z70/Y70,"") | AB70: 0 | AC70: 0 | AD70: =IFERROR(AC70/AB70,"") | AE70: 0 | AF70: 0 | AG70: =IFERROR(AF70/AE70,"") | AH70: 450 | AI70: 470.65 | AJ70: =IFERROR(AI70/AH70,"") -> 1.0458889 | AK70: 0 | AL70: 0 | AM70: =IFERROR(AL70/AK70,"") | AN70: 200 | AO70: 219 | AP70: =IFERROR(#REF!/#REF!,"")
A71: 46092 | B71: =ROUNDUP((A71-DATE(YEAR(A71),1,1)+WEEKDAY(DATE(YEAR(A71),1,1),2))/7,0) -> 11 | C71: =MONTH(A71) -> 3 | D71: 18000 | E71: 14250 | F71: =IFERROR(E71/D71,"") -> 0.79166667 | G71: 0 | H71: 0 | I71: =IFERROR(H71/G71,"") | J71: 0 | K71: 0 | L71: =IFERROR(K71/J71,"") | M71: 1 | N71: 1 | O71: =IFERROR(N71/M71,"") -> 1 | P71: 0 | Q71: 0 | R71: =IFERROR(Q71/P71,"") | S71: 4000 | T71: 5189 | U71: =IFERROR(T71/S71,"") -> 1.29725 | V71: 650 | W71: 670 | X71: =IFERROR(W71/V71,"") -> 1.0307692 | Y71: 0 | Z71: 0 | AA71: =IFERROR(Z71/Y71,"") | AB71: 0 | AC71: 0 | AD71: =IFERROR(AC71/AB71,"") | AE71: 0 | AF71: 0 | AG71: =IFERROR(AF71/AE71,"") | AH71: 200 | AI71: 184 | AJ71: =IFERROR(AI71/AH71,"") -> 0.92 | AK71: 0 | AL71: 0 | AM71: =IFERROR(AL71/AK71,"") | AN71: 0 | AO71: 0 | AP71: =IFERROR(AO71/AN71,"")
A72: 46093 | B72: =ROUNDUP((A72-DATE(YEAR(A72),1,1)+WEEKDAY(DATE(YEAR(A72),1,1),2))/7,0) -> 11 | C72: =MONTH(A72) -> 3 | D72: 15658 | E72: 13184 | F72: =IFERROR(E72/D72,"") -> 0.8419977 | G72: 0 | H72: 0 | I72: =IFERROR(H72/G72,"") | J72: 0 | K72: 0 | L72: =IFERROR(K72/J72,"") | M72: 1 | N72: 1 | O72: =IFERROR(N72/M72,"") -> 1 | P72: 3 | Q72: 3 | R72: =IFERROR(Q72/P72,"") -> 1 | S72: 10000 | T72: 10072 | U72: =IFERROR(T72/S72,"") -> 1.0072 | V72: 0 | W72: 0 | X72: =IFERROR(W72/V72,"") | Y72: 15000 | Z72: 15385 | AA72: =IFERROR(Z72/Y72,"") -> 1.0256667 | AB72: 0 | AC72: 0 | AD72: =IFERROR(AC72/AB72,"") | AE72: 0 | AF72: 0 | AG72: =IFERROR(AF72/AE72,"") | AH72: 450 | AI72: 452 | AJ72: =IFERROR(AI72/AH72,"") -> 1.0044444 | AK72: 0 | AL72: 0 | AM72: =IFERROR(AL72/AK72,"") | AN72: 0 | AO72: 0 | AP72: =IFERROR(AO72/AN72,"")
A73: 46094 | B73: =ROUNDUP((A73-DATE(YEAR(A73),1,1)+WEEKDAY(DATE(YEAR(A73),1,1),2))/7,0) -> 11 | C73: =MONTH(A73) -> 3 | D73: 10000 | E73: =1750+5100+2317+1240 -> 10407 | F73: =IFERROR(E73/D73,"") -> 1.0407 | G73: 0 | H73: 0 | I73: =IFERROR(H73/G73,"") | J73: 0 | K73: 0 | L73: =IFERROR(K73/J73,"") | M73: 4 | N73: 4 | O73: =IFERROR(N73/M73,"") -> 1 | P73: 3 | Q73: 3 | R73: =IFERROR(Q73/P73,"") -> 1 | S73: 14000 | T73: =680+698+680+670+670+680+698+680+5107+5075 -> 15638 | U73: =IFERROR(T73/S73,"") -> 1.117 | V73: 60 | W73: =60 -> 60 | X73: =IFERROR(W73/V73,"") -> 1 | Y73: 0 | Z73: 0 | AA73: =IFERROR(Z73/Y73,"") | AB73: 0 | AC73: 0 | AD73: =IFERROR(AC73/AB73,"") | AE73: 0 | AF73: 0 | AG73: =IFERROR(AF73/AE73,"") | AH73: 500 | AI73: 539 | AJ73: =IFERROR(AI73/AH73,"") -> 1.078 | AK73: 0 | AL73: 0 | AM73: =IFERROR(AL73/AK73,"") | AN73: 0 | AO73: 0 | AP73: =IFERROR(AO73/AN73,"")
A74: 46095 | B74: =ROUNDUP((A74-DATE(YEAR(A74),1,1)+WEEKDAY(DATE(YEAR(A74),1,1),2))/7,0) -> 11 | C74: =MONTH(A74) -> 3 | F74: =IFERROR(E74/D74,"") | I74: =IFERROR(H74/G74,"") | L74: =IFERROR(K74/J74,"") | O74: =IFERROR(N74/M74,"") | R74: =IFERROR(Q74/P74,"") | U74: =IFERROR(T74/S74,"") | X74: =IFERROR(W74/V74,"") | AA74: =IFERROR(Z74/Y74,"") | AD74: =IFERROR(AC74/AB74,"") | AG74: =IFERROR(AF74/AE74,"") | AJ74: =IFERROR(AI74/AH74,"") | AM74: =IFERROR(AL74/AK74,"") | AP74: =IFERROR(AO74/AN74,"")
A75: 46096 | B75: =ROUNDUP((A75-DATE(YEAR(A75),1,1)+WEEKDAY(DATE(YEAR(A75),1,1),2))/7,0) -> 11 | C75: =MONTH(A75) -> 3 | F75: =IFERROR(E75/D75,"") | I75: =IFERROR(H75/G75,"") | L75: =IFERROR(K75/J75,"") | O75: =IFERROR(N75/M75,"") | R75: =IFERROR(Q75/P75,"") | U75: =IFERROR(T75/S75,"") | X75: =IFERROR(W75/V75,"") | AA75: =IFERROR(Z75/Y75,"") | AD75: =IFERROR(AC75/AB75,"") | AG75: =IFERROR(AF75/AE75,"") | AJ75: =IFERROR(AI75/AH75,"") | AM75: =IFERROR(AL75/AK75,"") | AP75: =IFERROR(AO75/AN75,"")
A76: 46097 | B76: =ROUNDUP((A76-DATE(YEAR(A76),1,1)+WEEKDAY(DATE(YEAR(A76),1,1),2))/7,0) -> 12 | C76: =MONTH(A76) -> 3 | D76: 10000 | E76: =5787+119+4897 -> 10803 | F76: =IFERROR(E76/D76,"") -> 1.0803 | G76: 0 | H76: 0 | I76: =IFERROR(H76/G76,"") | J76: 0 | K76: 0 | L76: =IFERROR(K76/J76,"") | M76: 1 | N76: 1 | O76: =IFERROR(N76/M76,"") -> 1 | P76: 2 | Q76: 2 | R76: =IFERROR(Q76/P76,"") -> 1 | S76: 4500 | T76: =1552+1578+464 -> 3594 | U76: =IFERROR(T76/S76,"") -> 0.79866667 | V76: 800 | W76: =36.25+36.35+36.4+37.95+37.95+36.4+7.5+7.5+7.5+37.8+36.3+38+36.35+36.25+38.05+7+6+29.9+30.1+29.85+30.05+30.05+30.25+30.05+30.05+30.25+30.2+30.1+30.3+22.5+30.3+30.2+30.3+30.2+30.1+30.2+29.95+30+29.95+30.3+27.75+30.2 -> 1222.65 | X76: =IFERROR(W76/V76,"") -> 1.5283125 | Y76: 0 | Z76: 0 | AA76: =IFERROR(Z76/Y76,"") | AB76: 0 | AC76: 0 | AD76: =IFERROR(AC76/AB76,"") | AE76: 0 | AF76: 0 | AG76: =IFERROR(AF76/AE76,"") | AH76: 600 | AI76: 572 | AJ76: =IFERROR(AI76/AH76,"") -> 0.95333333 | AK76: 0 | AL76: 0 | AM76: =IFERROR(AL76/AK76,"") | AN76: 0 | AO76: 0 | AP76: =IFERROR(AO76/AN76,"")
A77: 46098 | B77: =ROUNDUP((A77-DATE(YEAR(A77),1,1)+WEEKDAY(DATE(YEAR(A77),1,1),2))/7,0) -> 12 | C77: =MONTH(A77) -> 3 | F77: =IFERROR(E77/D77,"") | I77: =IFERROR(H77/G77,"") | L77: =IFERROR(K77/J77,"") | O77: =IFERROR(N77/M77,"") | R77: =IFERROR(Q77/P77,"") | U77: =IFERROR(T77/S77,"") | X77: =IFERROR(W77/V77,"") | AA77: =IFERROR(Z77/Y77,"") | AD77: =IFERROR(AC77/AB77,"") | AG77: =IFERROR(AF77/AE77,"") | AJ77: =IFERROR(AI77/AH77,"") | AM77: =IFERROR(AL77/AK77,"") | AP77: =IFERROR(AO77/AN77,"")
A78: 46099 | B78: =ROUNDUP((A78-DATE(YEAR(A78),1,1)+WEEKDAY(DATE(YEAR(A78),1,1),2))/7,0) -> 12 | C78: =MONTH(A78) -> 3 | F78: =IFERROR(E78/D78,"") | I78: =IFERROR(H78/G78,"") | L78: =IFERROR(K78/J78,"") | O78: =IFERROR(N78/M78,"") | R78: =IFERROR(Q78/P78,"") | U78: =IFERROR(T78/S78,"") | X78: =IFERROR(W78/V78,"") | AA78: =IFERROR(Z78/Y78,"") | AD78: =IFERROR(AC78/AB78,"") | AG78: =IFERROR(AF78/AE78,"") | AJ78: =IFERROR(AI78/AH78,"") | AM78: =IFERROR(AL78/AK78,"") | AP78: =IFERROR(AO78/AN78,"")
A79: 46100 | B79: =ROUNDUP((A79-DATE(YEAR(A79),1,1)+WEEKDAY(DATE(YEAR(A79),1,1),2))/7,0) -> 12 | C79: =MONTH(A79) -> 3 | F79: =IFERROR(E79/D79,"") | I79: =IFERROR(H79/G79,"") | L79: =IFERROR(K79/J79,"") | O79: =IFERROR(N79/M79,"") | R79: =IFERROR(Q79/P79,"") | U79: =IFERROR(T79/S79,"") | X79: =IFERROR(W79/V79,"") | AA79: =IFERROR(Z79/Y79,"") | AD79: =IFERROR(AC79/AB79,"") | AG79: =IFERROR(AF79/AE79,"") | AJ79: =IFERROR(AI79/AH79,"") | AM79: =IFERROR(AL79/AK79,"") | AP79: =IFERROR(AO79/AN79,"")
A80: 46101 | B80: =ROUNDUP((A80-DATE(YEAR(A80),1,1)+WEEKDAY(DATE(YEAR(A80),1,1),2))/7,0) -> 12 | C80: =MONTH(A80) -> 3 | F80: =IFERROR(E80/D80,"") | I80: =IFERROR(H80/G80,"") | L80: =IFERROR(K80/J80,"") | O80: =IFERROR(N80/M80,"") | R80: =IFERROR(Q80/P80,"") | U80: =IFERROR(T80/S80,"") | X80: =IFERROR(W80/V80,"") | AA80: =IFERROR(Z80/Y80,"") | AD80: =IFERROR(AC80/AB80,"") | AG80: =IFERROR(AF80/AE80,"") | AJ80: =IFERROR(AI80/AH80,"") | AM80: =IFERROR(AL80/AK80,"") | AP80: =IFERROR(AO80/AN80,"")
A81: 46102 | B81: =ROUNDUP((A81-DATE(YEAR(A81),1,1)+WEEKDAY(DATE(YEAR(A81),1,1),2))/7,0) -> 12 | C81: =MONTH(A81) -> 3 | F81: =IFERROR(E81/D81,"") | I81: =IFERROR(H81/G81,"") | L81: =IFERROR(K81/J81,"") | O81: =IFERROR(N81/M81,"") | R81: =IFERROR(Q81/P81,"") | U81: =IFERROR(T81/S81,"") | X81: =IFERROR(W81/V81,"") | AA81: =IFERROR(Z81/Y81,"") | AD81: =IFERROR(AC81/AB81,"") | AG81: =IFERROR(AF81/AE81,"") | AJ81: =IFERROR(AI81/AH81,"") | AM81: =IFERROR(AL81/AK81,"") | AP81: =IFERROR(AO81/AN81,"")
A82: 46103 | B82: =ROUNDUP((A82-DATE(YEAR(A82),1,1)+WEEKDAY(DATE(YEAR(A82),1,1),2))/7,0) -> 12 | C82: =MONTH(A82) -> 3 | F82: =IFERROR(E82/D82,"") | I82: =IFERROR(H82/G82,"") | L82: =IFERROR(K82/J82,"") | O82: =IFERROR(N82/M82,"") | R82: =IFERROR(Q82/P82,"") | U82: =IFERROR(T82/S82,"") | X82: =IFERROR(W82/V82,"") | AA82: =IFERROR(Z82/Y82,"") | AD82: =IFERROR(AC82/AB82,"") | AG82: =IFERROR(AF82/AE82,"") | AJ82: =IFERROR(AI82/AH82,"") | AM82: =IFERROR(AL82/AK82,"") | AP82: =IFERROR(AO82/AN82,"")
A83: 46104 | B83: =ROUNDUP((A83-DATE(YEAR(A83),1,1)+WEEKDAY(DATE(YEAR(A83),1,1),2))/7,0) -> 13 | C83: =MONTH(A83) -> 3 | F83: =IFERROR(E83/D83,"") | I83: =IFERROR(H83/G83,"") | L83: =IFERROR(K83/J83,"") | O83: =IFERROR(N83/M83,"") | R83: =IFERROR(Q83/P83,"") | U83: =IFERROR(T83/S83,"") | X83: =IFERROR(W83/V83,"") | AA83: =IFERROR(Z83/Y83,"") | AD83: =IFERROR(AC83/AB83,"") | AG83: =IFERROR(AF83/AE83,"") | AJ83: =IFERROR(AI83/AH83,"") | AM83: =IFERROR(AL83/AK83,"") | AP83: =IFERROR(AO83/AN83,"")
A84: 46105 | B84: =ROUNDUP((A84-DATE(YEAR(A84),1,1)+WEEKDAY(DATE(YEAR(A84),1,1),2))/7,0) -> 13 | C84: =MONTH(A84) -> 3 | F84: =IFERROR(E84/D84,"") | I84: =IFERROR(H84/G84,"") | L84: =IFERROR(K84/J84,"") | O84: =IFERROR(N84/M84,"") | R84: =IFERROR(Q84/P84,"") | U84: =IFERROR(T84/S84,"") | X84: =IFERROR(W84/V84,"") | AA84: =IFERROR(Z84/Y84,"") | AD84: =IFERROR(AC84/AB84,"") | AG84: =IFERROR(AF84/AE84,"") | AJ84: =IFERROR(AI84/AH84,"") | AM84: =IFERROR(AL84/AK84,"") | AP84: =IFERROR(AO84/AN84,"")
A85: 46106 | B85: =ROUNDUP((A85-DATE(YEAR(A85),1,1)+WEEKDAY(DATE(YEAR(A85),1,1),2))/7,0) -> 13 | C85: =MONTH(A85) -> 3 | F85: =IFERROR(E85/D85,"") | I85: =IFERROR(H85/G85,"") | L85: =IFERROR(K85/J85,"") | O85: =IFERROR(N85/M85,"") | R85: =IFERROR(Q85/P85,"") | U85: =IFERROR(T85/S85,"") | X85: =IFERROR(W85/V85,"") | AA85: =IFERROR(Z85/Y85,"") | AD85: =IFERROR(AC85/AB85,"") | AG85: =IFERROR(AF85/AE85,"") | AJ85: =IFERROR(AI85/AH85,"") | AM85: =IFERROR(AL85/AK85,"") | AP85: =IFERROR(AO85/AN85,"")
A86: 46107 | B86: =ROUNDUP((A86-DATE(YEAR(A86),1,1)+WEEKDAY(DATE(YEAR(A86),1,1),2))/7,0) -> 13 | C86: =MONTH(A86) -> 3 | F86: =IFERROR(E86/D86,"") | I86: =IFERROR(H86/G86,"") | L86: =IFERROR(K86/J86,"") | O86: =IFERROR(N86/M86,"") | R86: =IFERROR(Q86/P86,"") | U86: =IFERROR(T86/S86,"") | X86: =IFERROR(W86/V86,"") | AA86: =IFERROR(Z86/Y86,"") | AD86: =IFERROR(AC86/AB86,"") | AG86: =IFERROR(AF86/AE86,"") | AJ86: =IFERROR(AI86/AH86,"") | AM86: =IFERROR(AL86/AK86,"") | AP86: =IFERROR(AO86/AN86,"")
A87: 46108 | B87: =ROUNDUP((A87-DATE(YEAR(A87),1,1)+WEEKDAY(DATE(YEAR(A87),1,1),2))/7,0) -> 13 | C87: =MONTH(A87) -> 3 | F87: =IFERROR(E87/D87,"") | I87: =IFERROR(H87/G87,"") | L87: =IFERROR(K87/J87,"") | O87: =IFERROR(N87/M87,"") | R87: =IFERROR(Q87/P87,"") | U87: =IFERROR(T87/S87,"") | X87: =IFERROR(W87/V87,"") | AA87: =IFERROR(Z87/Y87,"") | AD87: =IFERROR(AC87/AB87,"") | AG87: =IFERROR(AF87/AE87,"") | AJ87: =IFERROR(AI87/AH87,"") | AM87: =IFERROR(AL87/AK87,"") | AP87: =IFERROR(AO87/AN87,"")
A88: 46109 | B88: =ROUNDUP((A88-DATE(YEAR(A88),1,1)+WEEKDAY(DATE(YEAR(A88),1,1),2))/7,0) -> 13 | C88: =MONTH(A88) -> 3 | F88: =IFERROR(E88/D88,"") | I88: =IFERROR(H88/G88,"") | L88: =IFERROR(K88/J88,"") | O88: =IFERROR(N88/M88,"") | R88: =IFERROR(Q88/P88,"") | U88: =IFERROR(T88/S88,"") | X88: =IFERROR(W88/V88,"") | AA88: =IFERROR(Z88/Y88,"") | AD88: =IFERROR(AC88/AB88,"") | AG88: =IFERROR(AF88/AE88,"") | AJ88: =IFERROR(AI88/AH88,"") | AM88: =IFERROR(AL88/AK88,"") | AP88: =IFERROR(AO88/AN88,"")
... A366: 46387 | B366: =ROUNDUP((A366-DATE(YEAR(A366),1,1)+WEEKDAY(DATE(YEAR(A366),1,1),2))/7,0) -> 53 | C366: =MONTH(A366) -> 12 | F366: =IFERROR(E366/D366,"") | I366: =IFERROR(H366/G366,"") | L366: =IFERROR(K366/J366,"") | O366: =IFERROR(N366/M366,"") | R366: =IFERROR(Q366/P366,"") | U366: =IFERROR(T366/S366,"") | X366: =IFERROR(W366/V366,"") | AA366: =IFERROR(Z366/Y366,"") | AD366: =IFERROR(AC366/AB366,"") | AG366: =IFERROR(AF366/AE366,"") | AJ366: =IFERROR(AI366/AH366,"") | AM366: =IFERROR(AL366/AK366,"") | AP366: =IFERROR(AO366/AN366,"")
A372: Неделя | B372: План Б2.Б3,Б4, м.пог. | C372: Факт Б2.Б3,Б4, м.пог. | D372: % выполнения | E372: План цветная печать, м.пог. | F372: Факт цветная печать, м.пог. | G372: % выполнения | H372: План валовая печать,м.пог. | I372: Факт валовая печать,м.пог. | J372: % выполнения | K372: План Джиггер1,2 ;Джет, циклы | L372: Факт Джиггер 1,2;Джет,циклы | M372: % выполнения | N372: План Жгут циклы | O372: Факт Жгут циклы | P372: % выполнения | Q372: План СШМ, м.пог. | R372: Факт СШМ, м.пог. | S372: % выполнения | T372: План СШМ,кг(флис) | U372: Факт СШМ,кг(флис) | V372: % выполнения | W372: План мембрана, м.пог. | X372: Факт мембрана, м.пог. | Y372: % выполнения | Z372: План ленты(1-й слой), м.пог. | AA372: Факт ленты(1-й слой), м.пог. | AB372: % выполнения | AC372: Ленты(резка), м.пог. | AD372: Ленты(резка), м.пог. | AE372: % выполнения | AF372: План флис(вязание) ,кг | AG372: Факт Флис(вязание),кг | AH372: % выполнения | AI372: План флис(ворсование),кг. | AJ372: Факт флис(ворсование),кг. | AK372: % выполнения | AL372: План флис(тумблировние),кг | AM372: Факт флис(тумблировние),кг | AN372: % выполнения | AO372: Средний общ. %
A373: =ROW()-372 -> 1 | B373: =SUMIF(B$2:B$366,A373,D$2:D$366) -> 0 | C373: =SUMIF(B$2:B$366,A373,E$2:E$366) -> 0 | D373: =IFERROR(C373/B373,"") | E373: =SUMIF(B$2:B$366,A373,G$2:G$366) -> 0 | F373: =SUMIF(B$2:B$366,A373,H$2:H$366) -> 0 | G373: =IFERROR(F373/E373,"") | H373: =SUMIF(B$2:B$366,A373,J$2:J$366) -> 0 | I373: =SUMIF(B$2:B$366,A373,K$2:K$366) -> 0 | J373: =IFERROR(I373/H373,"") | K373: =SUMIF(B$2:B$366,A373,M$2:M$366) -> 0 | L373: =SUMIF(B$2:B$366,A373,N$2:N$366) -> 0 | M373: =IFERROR(L373/K373,"") | N373: =SUMIF(B$2:B$366,A373,P$2:P$366) -> 0 | O373: =SUMIF(B$2:B$366,A373,Q$2:Q$366) -> 0 | P373: =IFERROR(O373/N373,"") | Q373: =SUMIF(B$2:B$366,A373,S$2:S$366) -> 0 | R373: =SUMIF(B$2:B$366,A373,T$2:T$366) -> 0 | S373: =IFERROR(R373/Q373,"") | T373: =SUMIF(B$2:B$366,A373,V$2:V$366) -> 0 | U373: =SUMIF(B$2:B$366,A373,W$2:W$366) -> 0 | V373: =IFERROR(U373/T373,"") | W373: =SUMIF(B$2:B$366,A373,Y$2:Y$366) -> 0 | X373: =SUMIF(B$2:B$366,A373,Z$2:Z$366) -> 0 | Y373: =IFERROR(X373/W373,"") | Z373: =SUMIF(B$2:B$366,A373,AB$2:AB$366) -> 0 | AA373: =SUMIF(B$2:B$366,A373,AC$2:AC$366) -> 0 | AB373: =IFERROR(AA373/Z373,"") | AC373: =SUMIF(B$2:B$366,A373,AE$2:AE$366) -> 0 | AD373: =SUMIF(B$2:B$366,A373,AF$2:AF$366) -> 0 | AE373: =IFERROR(AD373/AC373,"") | AF373: =SUMIF(B$2:B$366,A373,AH$2:AH$366) -> 0 | AG373: =SUMIF(B$2:B$366,A373,AI$2:AI$366) -> 0 | AH373: =IFERROR(AG373/AF373,"") | AI373: =SUMIF(B$2:B$366,A373,AK$2:AK$366) -> 0 | AJ373: =SUMIF(B$2:B$366,A373,AL$2:AL$366) -> 0 | AK373: =IFERROR(AJ373/AI373,"") | AL373: =SUMIF(B$2:B$366,A373,AN$2:AN$366) -> 0 | AM373: =SUMIF(B$2:B$366,A373,AO$2:AO$366) -> 0 | AN373: =IFERROR(AM373/AL373,"") | AO373: =IF((COUNTIF(D373,">0")+COUNTIF(G373,">0")+COUNTIF(J373,">0")+COUNTIF(M373,">0")+COUNTIF(P373,">0")+COUNTIF(S373,">0")+COUNTIF(V373,">0")+COUNTIF(Y373,">0")+COUNTIF(AB373,">0")+COUNTIF(AE373,">0")+COUNTIF(AH373,">0")+COUNTIF(AK373,">0")+COUNTIF(AN373,">0"))=0,"",(SUMIF(D373,">0")+SUMIF(G373,">0")+SUMIF(J373,">0")+SUMIF(M373,">0")+SUMIF(P373,">0")+SUMIF(S373,">0")+SUMIF(V373,">0")+SUMIF(Y373,">0")+SUMIF(AB373,">0")+SUMIF(AE373,">0")+SUMIF(AH373,">0")+SUMIF(AK373,">0")+SUMIF(AN373,">0"))/(COUNTIF(D373,">0")+COUNTIF(G373,">0")+COUNTIF(J373,">0")+COUNTIF(M373,">0")+COUNTIF(P373,">0")+COUNTIF(S373,">0")+COUNTIF(V373,">0")+COUNTIF(Y373,">0")+COUNTIF(AB373,">0")+COUNTIF(AE373,">0")+COUNTIF(AH373,">0")+COUNTIF(AK373,">0")+COUNTIF(AN373,">0")))
A374: =ROW()-372 -> 2 | B374: =SUMIF(B$2:B$366,A374,D$2:D$366) -> 0 | C374: =SUMIF(B$2:B$366,A374,E$2:E$366) -> 0 | D374: =IFERROR(C374/B374,"") | E374: =SUMIF(B$2:B$366,A374,G$2:G$366) -> 0 | F374: =SUMIF(B$2:B$366,A374,H$2:H$366) -> 0 | G374: =IFERROR(F374/E374,"") | H374: =SUMIF(B$2:B$366,A374,J$2:J$366) -> 0 | I374: =SUMIF(B$2:B$366,A374,K$2:K$366) -> 0 | J374: =IFERROR(I374/H374,"") | K374: =SUMIF(B$2:B$366,A374,M$2:M$366) -> 0 | L374: =SUMIF(B$2:B$366,A374,N$2:N$366) -> 0 | M374: =IFERROR(L374/K374,"") | N374: =SUMIF(B$2:B$366,A374,P$2:P$366) -> 0 | O374: =SUMIF(B$2:B$366,A374,Q$2:Q$366) -> 0 | P374: =IFERROR(O374/N374,"") | Q374: =SUMIF(B$2:B$366,A374,S$2:S$366) -> 0 | R374: =SUMIF(B$2:B$366,A374,T$2:T$366) -> 0 | S374: =IFERROR(R374/Q374,"") | T374: =SUMIF(B$2:B$366,A374,V$2:V$366) -> 0 | U374: =SUMIF(B$2:B$366,A374,W$2:W$366) -> 0 | V374: =IFERROR(U374/T374,"") | W374: =SUMIF(B$2:B$366,A374,Y$2:Y$366) -> 0 | X374: =SUMIF(B$2:B$366,A374,Z$2:Z$366) -> 0 | Y374: =IFERROR(X374/W374,"") | Z374: =SUMIF(B$2:B$366,A374,AB$2:AB$366) -> 0 | AA374: =SUMIF(B$2:B$366,A374,AC$2:AC$366) -> 0 | AB374: =IFERROR(AA374/Z374,"") | AC374: =SUMIF(B$2:B$366,A374,AE$2:AE$366) -> 0 | AD374: =SUMIF(B$2:B$366,A374,AF$2:AF$366) -> 0 | AE374: =IFERROR(AD374/AC374,"") | AF374: =SUMIF(B$2:B$366,A374,AH$2:AH$366) -> 0 | AG374: =SUMIF(B$2:B$366,A374,AI$2:AI$366) -> 0 | AH374: =IFERROR(AG374/AF374,"") | AI374: =SUMIF(B$2:B$366,A374,AK$2:AK$366) -> 0 | AJ374: =SUMIF(B$2:B$366,A374,AL$2:AL$366) -> 0 | AK374: =IFERROR(AJ374/AI374,"") | AL374: =SUMIF(B$2:B$366,A374,AN$2:AN$366) -> 0 | AM374: =SUMIF(B$2:B$366,A374,AO$2:AO$366) -> 0 | AN374: =IFERROR(AM374/AL374,"") | AO374: =IF((COUNTIF(D374,">0")+COUNTIF(G374,">0")+COUNTIF(J374,">0")+COUNTIF(M374,">0")+COUNTIF(P374,">0")+COUNTIF(S374,">0")+COUNTIF(V374,">0")+COUNTIF(Y374,">0")+COUNTIF(AB374,">0")+COUNTIF(AE374,">0")+COUNTIF(AH374,">0")+COUNTIF(AK374,">0")+COUNTIF(AN374,">0"))=0,"",(SUMIF(D374,">0")+SUMIF(G374,">0")+SUMIF(J374,">0")+SUMIF(M374,">0")+SUMIF(P374,">0")+SUMIF(S374,">0")+SUMIF(V374,">0")+SUMIF(Y374,">0")+SUMIF(AB374,">0")+SUMIF(AE374,">0")+SUMIF(AH374,">0")+SUMIF(AK374,">0")+SUMIF(AN374,">0"))/(COUNTIF(D374,">0")+COUNTIF(G374,">0")+COUNTIF(J374,">0")+COUNTIF(M374,">0")+COUNTIF(P374,">0")+COUNTIF(S374,">0")+COUNTIF(V374,">0")+COUNTIF(Y374,">0")+COUNTIF(AB374,">0")+COUNTIF(AE374,">0")+COUNTIF(AH374,">0")+COUNTIF(AK374,">0")+COUNTIF(AN374,">0")))
A375: =ROW()-372 -> 3 | B375: =SUMIF(B$2:B$366,A375,D$2:D$366) -> 0 | C375: =SUMIF(B$2:B$366,A375,E$2:E$366) -> 0 | D375: =IFERROR(C375/B375,"") | E375: =SUMIF(B$2:B$366,A375,G$2:G$366) -> 0 | F375: =SUMIF(B$2:B$366,A375,H$2:H$366) -> 0 | G375: =IFERROR(F375/E375,"") | H375: =SUMIF(B$2:B$366,A375,J$2:J$366) -> 0 | I375: =SUMIF(B$2:B$366,A375,K$2:K$366) -> 0 | J375: =IFERROR(I375/H375,"") | K375: =SUMIF(B$2:B$366,A375,M$2:M$366) -> 0 | L375: =SUMIF(B$2:B$366,A375,N$2:N$366) -> 0 | M375: =IFERROR(L375/K375,"") | N375: =SUMIF(B$2:B$366,A375,P$2:P$366) -> 0 | O375: =SUMIF(B$2:B$366,A375,Q$2:Q$366) -> 0 | P375: =IFERROR(O375/N375,"") | Q375: =SUMIF(B$2:B$366,A375,S$2:S$366) -> 0 | R375: =SUMIF(B$2:B$366,A375,T$2:T$366) -> 0 | S375: =IFERROR(R375/Q375,"") | T375: =SUMIF(B$2:B$366,A375,V$2:V$366) -> 0 | U375: =SUMIF(B$2:B$366,A375,W$2:W$366) -> 0 | V375: =IFERROR(U375/T375,"") | W375: =SUMIF(B$2:B$366,A375,Y$2:Y$366) -> 0 | X375: =SUMIF(B$2:B$366,A375,Z$2:Z$366) -> 0 | Y375: =IFERROR(X375/W375,"") | Z375: =SUMIF(B$2:B$366,A375,AB$2:AB$366) -> 0 | AA375: =SUMIF(B$2:B$366,A375,AC$2:AC$366) -> 0 | AB375: =IFERROR(AA375/Z375,"") | AC375: =SUMIF(B$2:B$366,A375,AE$2:AE$366) -> 0 | AD375: =SUMIF(B$2:B$366,A375,AF$2:AF$366) -> 0 | AE375: =IFERROR(AD375/AC375,"") | AF375: =SUMIF(B$2:B$366,A375,AH$2:AH$366) -> 0 | AG375: =SUMIF(B$2:B$366,A375,AI$2:AI$366) -> 0 | AH375: =IFERROR(AG375/AF375,"") | AI375: =SUMIF(B$2:B$366,A375,AK$2:AK$366) -> 0 | AJ375: =SUMIF(B$2:B$366,A375,AL$2:AL$366) -> 0 | AK375: =IFERROR(AJ375/AI375,"") | AL375: =SUMIF(B$2:B$366,A375,AN$2:AN$366) -> 0 | AM375: =SUMIF(B$2:B$366,A375,AO$2:AO$366) -> 0 | AN375: =IFERROR(AM375/AL375,"") | AO375: =IF((COUNTIF(D375,">0")+COUNTIF(G375,">0")+COUNTIF(J375,">0")+COUNTIF(M375,">0")+COUNTIF(P375,">0")+COUNTIF(S375,">0")+COUNTIF(V375,">0")+COUNTIF(Y375,">0")+COUNTIF(AB375,">0")+COUNTIF(AE375,">0")+COUNTIF(AH375,">0")+COUNTIF(AK375,">0")+COUNTIF(AN375,">0"))=0,"",(SUMIF(D375,">0")+SUMIF(G375,">0")+SUMIF(J375,">0")+SUMIF(M375,">0")+SUMIF(P375,">0")+SUMIF(S375,">0")+SUMIF(V375,">0")+SUMIF(Y375,">0")+SUMIF(AB375,">0")+SUMIF(AE375,">0")+SUMIF(AH375,">0")+SUMIF(AK375,">0")+SUMIF(AN375,">0"))/(COUNTIF(D375,">0")+COUNTIF(G375,">0")+COUNTIF(J375,">0")+COUNTIF(M375,">0")+COUNTIF(P375,">0")+COUNTIF(S375,">0")+COUNTIF(V375,">0")+COUNTIF(Y375,">0")+COUNTIF(AB375,">0")+COUNTIF(AE375,">0")+COUNTIF(AH375,">0")+COUNTIF(AK375,">0")+COUNTIF(AN375,">0")))
A376: =ROW()-372 -> 4 | B376: =SUMIF(B$2:B$366,A376,D$2:D$366) -> 0 | C376: =SUMIF(B$2:B$366,A376,E$2:E$366) -> 0 | D376: =IFERROR(C376/B376,"") | E376: =SUMIF(B$2:B$366,A376,G$2:G$366) -> 0 | F376: =SUMIF(B$2:B$366,A376,H$2:H$366) -> 0 | G376: =IFERROR(F376/E376,"") | H376: =SUMIF(B$2:B$366,A376,J$2:J$366) -> 0 | I376: =SUMIF(B$2:B$366,A376,K$2:K$366) -> 0 | J376: =IFERROR(I376/H376,"") | K376: =SUMIF(B$2:B$366,A376,M$2:M$366) -> 0 | L376: =SUMIF(B$2:B$366,A376,N$2:N$366) -> 0 | M376: =IFERROR(L376/K376,"") | N376: =SUMIF(B$2:B$366,A376,P$2:P$366) -> 0 | O376: =SUMIF(B$2:B$366,A376,Q$2:Q$366) -> 0 | P376: =IFERROR(O376/N376,"") | Q376: =SUMIF(B$2:B$366,A376,S$2:S$366) -> 0 | R376: =SUMIF(B$2:B$366,A376,T$2:T$366) -> 0 | S376: =IFERROR(R376/Q376,"") | T376: =SUMIF(B$2:B$366,A376,V$2:V$366) -> 0 | U376: =SUMIF(B$2:B$366,A376,W$2:W$366) -> 0 | V376: =IFERROR(U376/T376,"") | W376: =SUMIF(B$2:B$366,A376,Y$2:Y$366) -> 0 | X376: =SUMIF(B$2:B$366,A376,Z$2:Z$366) -> 0 | Y376: =IFERROR(X376/W376,"") | Z376: =SUMIF(B$2:B$366,A376,AB$2:AB$366) -> 0 | AA376: =SUMIF(B$2:B$366,A376,AC$2:AC$366) -> 0 | AB376: =IFERROR(AA376/Z376,"") | AC376: =SUMIF(B$2:B$366,A376,AE$2:AE$366) -> 0 | AD376: =SUMIF(B$2:B$366,A376,AF$2:AF$366) -> 0 | AE376: =IFERROR(AD376/AC376,"") | AF376: =SUMIF(B$2:B$366,A376,AH$2:AH$366) -> 0 | AG376: =SUMIF(B$2:B$366,A376,AI$2:AI$366) -> 0 | AH376: =IFERROR(AG376/AF376,"") | AI376: =SUMIF(B$2:B$366,A376,AK$2:AK$366) -> 0 | AJ376: =SUMIF(B$2:B$366,A376,AL$2:AL$366) -> 0 | AK376: =IFERROR(AJ376/AI376,"") | AL376: =SUMIF(B$2:B$366,A376,AN$2:AN$366) -> 0 | AM376: =SUMIF(B$2:B$366,A376,AO$2:AO$366) -> 0 | AN376: =IFERROR(AM376/AL376,"") | AO376: =IF((COUNTIF(D376,">0")+COUNTIF(G376,">0")+COUNTIF(J376,">0")+COUNTIF(M376,">0")+COUNTIF(P376,">0")+COUNTIF(S376,">0")+COUNTIF(V376,">0")+COUNTIF(Y376,">0")+COUNTIF(AB376,">0")+COUNTIF(AE376,">0")+COUNTIF(AH376,">0")+COUNTIF(AK376,">0")+COUNTIF(AN376,">0"))=0,"",(SUMIF(D376,">0")+SUMIF(G376,">0")+SUMIF(J376,">0")+SUMIF(M376,">0")+SUMIF(P376,">0")+SUMIF(S376,">0")+SUMIF(V376,">0")+SUMIF(Y376,">0")+SUMIF(AB376,">0")+SUMIF(AE376,">0")+SUMIF(AH376,">0")+SUMIF(AK376,">0")+SUMIF(AN376,">0"))/(COUNTIF(D376,">0")+COUNTIF(G376,">0")+COUNTIF(J376,">0")+COUNTIF(M376,">0")+COUNTIF(P376,">0")+COUNTIF(S376,">0")+COUNTIF(V376,">0")+COUNTIF(Y376,">0")+COUNTIF(AB376,">0")+COUNTIF(AE376,">0")+COUNTIF(AH376,">0")+COUNTIF(AK376,">0")+COUNTIF(AN376,">0")))
A377: =ROW()-372 -> 5 | B377: =SUMIF(B$2:B$366,A377,D$2:D$366) -> 0 | C377: =SUMIF(B$2:B$366,A377,E$2:E$366) -> 0 | D377: =IFERROR(C377/B377,"") | E377: =SUMIF(B$2:B$366,A377,G$2:G$366) -> 0 | F377: =SUMIF(B$2:B$366,A377,H$2:H$366) -> 0 | G377: =IFERROR(F377/E377,"") | H377: =SUMIF(B$2:B$366,A377,J$2:J$366) -> 0 | I377: =SUMIF(B$2:B$366,A377,K$2:K$366) -> 0 | J377: =IFERROR(I377/H377,"") | K377: =SUMIF(B$2:B$366,A377,M$2:M$366) -> 0 | L377: =SUMIF(B$2:B$366,A377,N$2:N$366) -> 0 | M377: =IFERROR(L377/K377,"") | N377: =SUMIF(B$2:B$366,A377,P$2:P$366) -> 0 | O377: =SUMIF(B$2:B$366,A377,Q$2:Q$366) -> 0 | P377: =IFERROR(O377/N377,"") | Q377: =SUMIF(B$2:B$366,A377,S$2:S$366) -> 0 | R377: =SUMIF(B$2:B$366,A377,T$2:T$366) -> 0 | S377: =IFERROR(R377/Q377,"") | T377: =SUMIF(B$2:B$366,A377,V$2:V$366) -> 0 | U377: =SUMIF(B$2:B$366,A377,W$2:W$366) -> 0 | V377: =IFERROR(U377/T377,"") | W377: =SUMIF(B$2:B$366,A377,Y$2:Y$366) -> 0 | X377: =SUMIF(B$2:B$366,A377,Z$2:Z$366) -> 0 | Y377: =IFERROR(X377/W377,"") | Z377: =SUMIF(B$2:B$366,A377,AB$2:AB$366) -> 0 | AA377: =SUMIF(B$2:B$366,A377,AC$2:AC$366) -> 0 | AB377: =IFERROR(AA377/Z377,"") | AC377: =SUMIF(B$2:B$366,A377,AE$2:AE$366) -> 0 | AD377: =SUMIF(B$2:B$366,A377,AF$2:AF$366) -> 0 | AE377: =IFERROR(AD377/AC377,"") | AF377: =SUMIF(B$2:B$366,A377,AH$2:AH$366) -> 0 | AG377: =SUMIF(B$2:B$366,A377,AI$2:AI$366) -> 0 | AH377: =IFERROR(AG377/AF377,"") | AI377: =SUMIF(B$2:B$366,A377,AK$2:AK$366) -> 0 | AJ377: =SUMIF(B$2:B$366,A377,AL$2:AL$366) -> 0 | AK377: =IFERROR(AJ377/AI377,"") | AL377: =SUMIF(B$2:B$366,A377,AN$2:AN$366) -> 0 | AM377: =SUMIF(B$2:B$366,A377,AO$2:AO$366) -> 0 | AN377: =IFERROR(AM377/AL377,"") | AO377: =IF((COUNTIF(D377,">0")+COUNTIF(G377,">0")+COUNTIF(J377,">0")+COUNTIF(M377,">0")+COUNTIF(P377,">0")+COUNTIF(S377,">0")+COUNTIF(V377,">0")+COUNTIF(Y377,">0")+COUNTIF(AB377,">0")+COUNTIF(AE377,">0")+COUNTIF(AH377,">0")+COUNTIF(AK377,">0")+COUNTIF(AN377,">0"))=0,"",(SUMIF(D377,">0")+SUMIF(G377,">0")+SUMIF(J377,">0")+SUMIF(M377,">0")+SUMIF(P377,">0")+SUMIF(S377,">0")+SUMIF(V377,">0")+SUMIF(Y377,">0")+SUMIF(AB377,">0")+SUMIF(AE377,">0")+SUMIF(AH377,">0")+SUMIF(AK377,">0")+SUMIF(AN377,">0"))/(COUNTIF(D377,">0")+COUNTIF(G377,">0")+COUNTIF(J377,">0")+COUNTIF(M377,">0")+COUNTIF(P377,">0")+COUNTIF(S377,">0")+COUNTIF(V377,">0")+COUNTIF(Y377,">0")+COUNTIF(AB377,">0")+COUNTIF(AE377,">0")+COUNTIF(AH377,">0")+COUNTIF(AK377,">0")+COUNTIF(AN377,">0")))
A378: =ROW()-372 -> 6 | B378: =SUMIF(B$2:B$366,A378,D$2:D$366) -> 0 | C378: =SUMIF(B$2:B$366,A378,E$2:E$366) -> 0 | D378: =IFERROR(C378/B378,"") | E378: =SUMIF(B$2:B$366,A378,G$2:G$366) -> 0 | F378: =SUMIF(B$2:B$366,A378,H$2:H$366) -> 0 | G378: =IFERROR(F378/E378,"") | H378: =SUMIF(B$2:B$366,A378,J$2:J$366) -> 0 | I378: =SUMIF(B$2:B$366,A378,K$2:K$366) -> 0 | J378: =IFERROR(I378/H378,"") | K378: =SUMIF(B$2:B$366,A378,M$2:M$366) -> 0 | L378: =SUMIF(B$2:B$366,A378,N$2:N$366) -> 0 | M378: =IFERROR(L378/K378,"") | N378: =SUMIF(B$2:B$366,A378,P$2:P$366) -> 0 | O378: =SUMIF(B$2:B$366,A378,Q$2:Q$366) -> 0 | P378: =IFERROR(O378/N378,"") | Q378: =SUMIF(B$2:B$366,A378,S$2:S$366) -> 0 | R378: =SUMIF(B$2:B$366,A378,T$2:T$366) -> 0 | S378: =IFERROR(R378/Q378,"") | T378: =SUMIF(B$2:B$366,A378,V$2:V$366) -> 0 | U378: =SUMIF(B$2:B$366,A378,W$2:W$366) -> 0 | V378: =IFERROR(U378/T378,"") | W378: =SUMIF(B$2:B$366,A378,Y$2:Y$366) -> 0 | X378: =SUMIF(B$2:B$366,A378,Z$2:Z$366) -> 0 | Y378: =IFERROR(X378/W378,"") | Z378: =SUMIF(B$2:B$366,A378,AB$2:AB$366) -> 0 | AA378: =SUMIF(B$2:B$366,A378,AC$2:AC$366) -> 0 | AB378: =IFERROR(AA378/Z378,"") | AC378: =SUMIF(B$2:B$366,A378,AE$2:AE$366) -> 0 | AD378: =SUMIF(B$2:B$366,A378,AF$2:AF$366) -> 0 | AE378: =IFERROR(AD378/AC378,"") | AF378: =SUMIF(B$2:B$366,A378,AH$2:AH$366) -> 0 | AG378: =SUMIF(B$2:B$366,A378,AI$2:AI$366) -> 0 | AH378: =IFERROR(AG378/AF378,"") | AI378: =SUMIF(B$2:B$366,A378,AK$2:AK$366) -> 0 | AJ378: =SUMIF(B$2:B$366,A378,AL$2:AL$366) -> 0 | AK378: =IFERROR(AJ378/AI378,"") | AL378: =SUMIF(B$2:B$366,A378,AN$2:AN$366) -> 0 | AM378: =SUMIF(B$2:B$366,A378,AO$2:AO$366) -> 0 | AN378: =IFERROR(AM378/AL378,"") | AO378: =IF((COUNTIF(D378,">0")+COUNTIF(G378,">0")+COUNTIF(J378,">0")+COUNTIF(M378,">0")+COUNTIF(P378,">0")+COUNTIF(S378,">0")+COUNTIF(V378,">0")+COUNTIF(Y378,">0")+COUNTIF(AB378,">0")+COUNTIF(AE378,">0")+COUNTIF(AH378,">0")+COUNTIF(AK378,">0")+COUNTIF(AN378,">0"))=0,"",(SUMIF(D378,">0")+SUMIF(G378,">0")+SUMIF(J378,">0")+SUMIF(M378,">0")+SUMIF(P378,">0")+SUMIF(S378,">0")+SUMIF(V378,">0")+SUMIF(Y378,">0")+SUMIF(AB378,">0")+SUMIF(AE378,">0")+SUMIF(AH378,">0")+SUMIF(AK378,">0")+SUMIF(AN378,">0"))/(COUNTIF(D378,">0")+COUNTIF(G378,">0")+COUNTIF(J378,">0")+COUNTIF(M378,">0")+COUNTIF(P378,">0")+COUNTIF(S378,">0")+COUNTIF(V378,">0")+COUNTIF(Y378,">0")+COUNTIF(AB378,">0")+COUNTIF(AE378,">0")+COUNTIF(AH378,">0")+COUNTIF(AK378,">0")+COUNTIF(AN378,">0")))
A379: =ROW()-372 -> 7 | B379: =SUMIF(B$2:B$366,A379,D$2:D$366) -> 0 | C379: =SUMIF(B$2:B$366,A379,E$2:E$366) -> 0 | D379: =IFERROR(C379/B379,"") | E379: =SUMIF(B$2:B$366,A379,G$2:G$366) -> 0 | F379: =SUMIF(B$2:B$366,A379,H$2:H$366) -> 0 | G379: =IFERROR(F379/E379,"") | H379: =SUMIF(B$2:B$366,A379,J$2:J$366) -> 0 | I379: =SUMIF(B$2:B$366,A379,K$2:K$366) -> 0 | J379: =IFERROR(I379/H379,"") | K379: =SUMIF(B$2:B$366,A379,M$2:M$366) -> 0 | L379: =SUMIF(B$2:B$366,A379,N$2:N$366) -> 0 | M379: =IFERROR(L379/K379,"") | N379: =SUMIF(B$2:B$366,A379,P$2:P$366) -> 0 | O379: =SUMIF(B$2:B$366,A379,Q$2:Q$366) -> 0 | P379: =IFERROR(O379/N379,"") | Q379: =SUMIF(B$2:B$366,A379,S$2:S$366) -> 0 | R379: =SUMIF(B$2:B$366,A379,T$2:T$366) -> 0 | S379: =IFERROR(R379/Q379,"") | T379: =SUMIF(B$2:B$366,A379,V$2:V$366) -> 0 | U379: =SUMIF(B$2:B$366,A379,W$2:W$366) -> 0 | V379: =IFERROR(U379/T379,"") | W379: =SUMIF(B$2:B$366,A379,Y$2:Y$366) -> 0 | X379: =SUMIF(B$2:B$366,A379,Z$2:Z$366) -> 0 | Y379: =IFERROR(X379/W379,"") | Z379: =SUMIF(B$2:B$366,A379,AB$2:AB$366) -> 0 | AA379: =SUMIF(B$2:B$366,A379,AC$2:AC$366) -> 0 | AB379: =IFERROR(AA379/Z379,"") | AC379: =SUMIF(B$2:B$366,A379,AE$2:AE$366) -> 0 | AD379: =SUMIF(B$2:B$366,A379,AF$2:AF$366) -> 0 | AE379: =IFERROR(AD379/AC379,"") | AF379: =SUMIF(B$2:B$366,A379,AH$2:AH$366) -> 0 | AG379: =SUMIF(B$2:B$366,A379,AI$2:AI$366) -> 0 | AH379: =IFERROR(AG379/AF379,"") | AI379: =SUMIF(B$2:B$366,A379,AK$2:AK$366) -> 0 | AJ379: =SUMIF(B$2:B$366,A379,AL$2:AL$366) -> 0 | AK379: =IFERROR(AJ379/AI379,"") | AL379: =SUMIF(B$2:B$366,A379,AN$2:AN$366) -> 0 | AM379: =SUMIF(B$2:B$366,A379,AO$2:AO$366) -> 0 | AN379: =IFERROR(AM379/AL379,"") | AO379: =IF((COUNTIF(D379,">0")+COUNTIF(G379,">0")+COUNTIF(J379,">0")+COUNTIF(M379,">0")+COUNTIF(P379,">0")+COUNTIF(S379,">0")+COUNTIF(V379,">0")+COUNTIF(Y379,">0")+COUNTIF(AB379,">0")+COUNTIF(AE379,">0")+COUNTIF(AH379,">0")+COUNTIF(AK379,">0")+COUNTIF(AN379,">0"))=0,"",(SUMIF(D379,">0")+SUMIF(G379,">0")+SUMIF(J379,">0")+SUMIF(M379,">0")+SUMIF(P379,">0")+SUMIF(S379,">0")+SUMIF(V379,">0")+SUMIF(Y379,">0")+SUMIF(AB379,">0")+SUMIF(AE379,">0")+SUMIF(AH379,">0")+SUMIF(AK379,">0")+SUMIF(AN379,">0"))/(COUNTIF(D379,">0")+COUNTIF(G379,">0")+COUNTIF(J379,">0")+COUNTIF(M379,">0")+COUNTIF(P379,">0")+COUNTIF(S379,">0")+COUNTIF(V379,">0")+COUNTIF(Y379,">0")+COUNTIF(AB379,">0")+COUNTIF(AE379,">0")+COUNTIF(AH379,">0")+COUNTIF(AK379,">0")+COUNTIF(AN379,">0")))
A380: =ROW()-372 -> 8 | B380: =SUMIF(B$2:B$366,A380,D$2:D$366) -> 0 | C380: =SUMIF(B$2:B$366,A380,E$2:E$366) -> 0 | D380: =IFERROR(C380/B380,"") | E380: =SUMIF(B$2:B$366,A380,G$2:G$366) -> 0 | F380: =SUMIF(B$2:B$366,A380,H$2:H$366) -> 0 | G380: =IFERROR(F380/E380,"") | H380: =SUMIF(B$2:B$366,A380,J$2:J$366) -> 0 | I380: =SUMIF(B$2:B$366,A380,K$2:K$366) -> 0 | J380: =IFERROR(I380/H380,"") | K380: =SUMIF(B$2:B$366,A380,M$2:M$366) -> 0 | L380: =SUMIF(B$2:B$366,A380,N$2:N$366) -> 0 | M380: =IFERROR(L380/K380,"") | N380: =SUMIF(B$2:B$366,A380,P$2:P$366) -> 0 | O380: =SUMIF(B$2:B$366,A380,Q$2:Q$366) -> 0 | P380: =IFERROR(O380/N380,"") | Q380: =SUMIF(B$2:B$366,A380,S$2:S$366) -> 0 | R380: =SUMIF(B$2:B$366,A380,T$2:T$366) -> 0 | S380: =IFERROR(R380/Q380,"") | T380: =SUMIF(B$2:B$366,A380,V$2:V$366) -> 0 | U380: =SUMIF(B$2:B$366,A380,W$2:W$366) -> 0 | V380: =IFERROR(U380/T380,"") | W380: =SUMIF(B$2:B$366,A380,Y$2:Y$366) -> 0 | X380: =SUMIF(B$2:B$366,A380,Z$2:Z$366) -> 0 | Y380: =IFERROR(X380/W380,"") | Z380: =SUMIF(B$2:B$366,A380,AB$2:AB$366) -> 0 | AA380: =SUMIF(B$2:B$366,A380,AC$2:AC$366) -> 0 | AB380: =IFERROR(AA380/Z380,"") | AC380: =SUMIF(B$2:B$366,A380,AE$2:AE$366) -> 0 | AD380: =SUMIF(B$2:B$366,A380,AF$2:AF$366) -> 0 | AE380: =IFERROR(AD380/AC380,"") | AF380: =SUMIF(B$2:B$366,A380,AH$2:AH$366) -> 0 | AG380: =SUMIF(B$2:B$366,A380,AI$2:AI$366) -> 0 | AH380: =IFERROR(AG380/AF380,"") | AI380: =SUMIF(B$2:B$366,A380,AK$2:AK$366) -> 0 | AJ380: =SUMIF(B$2:B$366,A380,AL$2:AL$366) -> 0 | AK380: =IFERROR(AJ380/AI380,"") | AL380: =SUMIF(B$2:B$366,A380,AN$2:AN$366) -> 0 | AM380: =SUMIF(B$2:B$366,A380,AO$2:AO$366) -> 0 | AN380: =IFERROR(AM380/AL380,"") | AO380: =IF((COUNTIF(D380,">0")+COUNTIF(G380,">0")+COUNTIF(J380,">0")+COUNTIF(M380,">0")+COUNTIF(P380,">0")+COUNTIF(S380,">0")+COUNTIF(V380,">0")+COUNTIF(Y380,">0")+COUNTIF(AB380,">0")+COUNTIF(AE380,">0")+COUNTIF(AH380,">0")+COUNTIF(AK380,">0")+COUNTIF(AN380,">0"))=0,"",(SUMIF(D380,">0")+SUMIF(G380,">0")+SUMIF(J380,">0")+SUMIF(M380,">0")+SUMIF(P380,">0")+SUMIF(S380,">0")+SUMIF(V380,">0")+SUMIF(Y380,">0")+SUMIF(AB380,">0")+SUMIF(AE380,">0")+SUMIF(AH380,">0")+SUMIF(AK380,">0")+SUMIF(AN380,">0"))/(COUNTIF(D380,">0")+COUNTIF(G380,">0")+COUNTIF(J380,">0")+COUNTIF(M380,">0")+COUNTIF(P380,">0")+COUNTIF(S380,">0")+COUNTIF(V380,">0")+COUNTIF(Y380,">0")+COUNTIF(AB380,">0")+COUNTIF(AE380,">0")+COUNTIF(AH380,">0")+COUNTIF(AK380,">0")+COUNTIF(AN380,">0")))
A381: =ROW()-372 -> 9 | B381: =SUMIF(B$2:B$366,A381,D$2:D$366) -> 0 | C381: =SUMIF(B$2:B$366,A381,E$2:E$366) -> 0 | D381: =IFERROR(C381/B381,"") | E381: =SUMIF(B$2:B$366,A381,G$2:G$366) -> 0 | F381: =SUMIF(B$2:B$366,A381,H$2:H$366) -> 0 | G381: =IFERROR(F381/E381,"") | H381: =SUMIF(B$2:B$366,A381,J$2:J$366) -> 0 | I381: =SUMIF(B$2:B$366,A381,K$2:K$366) -> 0 | J381: =IFERROR(I381/H381,"") | K381: =SUMIF(B$2:B$366,A381,M$2:M$366) -> 0 | L381: =SUMIF(B$2:B$366,A381,N$2:N$366) -> 0 | M381: =IFERROR(L381/K381,"") | N381: =SUMIF(B$2:B$366,A381,P$2:P$366) -> 0 | O381: =SUMIF(B$2:B$366,A381,Q$2:Q$366) -> 0 | P381: =IFERROR(O381/N381,"") | Q381: =SUMIF(B$2:B$366,A381,S$2:S$366) -> 0 | R381: =SUMIF(B$2:B$366,A381,T$2:T$366) -> 0 | S381: =IFERROR(R381/Q381,"") | T381: =SUMIF(B$2:B$366,A381,V$2:V$366) -> 0 | U381: =SUMIF(B$2:B$366,A381,W$2:W$366) -> 0 | V381: =IFERROR(U381/T381,"") | W381: =SUMIF(B$2:B$366,A381,Y$2:Y$366) -> 0 | X381: =SUMIF(B$2:B$366,A381,Z$2:Z$366) -> 0 | Y381: =IFERROR(X381/W381,"") | Z381: =SUMIF(B$2:B$366,A381,AB$2:AB$366) -> 0 | AA381: =SUMIF(B$2:B$366,A381,AC$2:AC$366) -> 0 | AB381: =IFERROR(AA381/Z381,"") | AC381: =SUMIF(B$2:B$366,A381,AE$2:AE$366) -> 0 | AD381: =SUMIF(B$2:B$366,A381,AF$2:AF$366) -> 0 | AE381: =IFERROR(AD381/AC381,"") | AF381: =SUMIF(B$2:B$366,A381,AH$2:AH$366) -> 0 | AG381: =SUMIF(B$2:B$366,A381,AI$2:AI$366) -> 0 | AH381: =IFERROR(AG381/AF381,"") | AI381: =SUMIF(B$2:B$366,A381,AK$2:AK$366) -> 0 | AJ381: =SUMIF(B$2:B$366,A381,AL$2:AL$366) -> 0 | AK381: =IFERROR(AJ381/AI381,"") | AL381: =SUMIF(B$2:B$366,A381,AN$2:AN$366) -> 0 | AM381: =SUMIF(B$2:B$366,A381,AO$2:AO$366) -> 0 | AN381: =IFERROR(AM381/AL381,"") | AO381: =IF((COUNTIF(D381,">0")+COUNTIF(G381,">0")+COUNTIF(J381,">0")+COUNTIF(M381,">0")+COUNTIF(P381,">0")+COUNTIF(S381,">0")+COUNTIF(V381,">0")+COUNTIF(Y381,">0")+COUNTIF(AB381,">0")+COUNTIF(AE381,">0")+COUNTIF(AH381,">0")+COUNTIF(AK381,">0")+COUNTIF(AN381,">0"))=0,"",(SUMIF(D381,">0")+SUMIF(G381,">0")+SUMIF(J381,">0")+SUMIF(M381,">0")+SUMIF(P381,">0")+SUMIF(S381,">0")+SUMIF(V381,">0")+SUMIF(Y381,">0")+SUMIF(AB381,">0")+SUMIF(AE381,">0")+SUMIF(AH381,">0")+SUMIF(AK381,">0")+SUMIF(AN381,">0"))/(COUNTIF(D381,">0")+COUNTIF(G381,">0")+COUNTIF(J381,">0")+COUNTIF(M381,">0")+COUNTIF(P381,">0")+COUNTIF(S381,">0")+COUNTIF(V381,">0")+COUNTIF(Y381,">0")+COUNTIF(AB381,">0")+COUNTIF(AE381,">0")+COUNTIF(AH381,">0")+COUNTIF(AK381,">0")+COUNTIF(AN381,">0")))
A382: =ROW()-372 -> 10 | B382: =SUMIF(B$2:B$366,A382,D$2:D$366) -> 60913 | C382: =SUMIF(B$2:B$366,A382,E$2:E$366) -> 67990 | D382: =IFERROR(C382/B382,"") -> 1.1161821 | E382: =SUMIF(B$2:B$366,A382,G$2:G$366) -> 0 | F382: =SUMIF(B$2:B$366,A382,H$2:H$366) -> 0 | G382: =IFERROR(F382/E382,"") | H382: =SUMIF(B$2:B$366,A382,J$2:J$366) -> 0 | I382: =SUMIF(B$2:B$366,A382,K$2:K$366) -> 0 | J382: =IFERROR(I382/H382,"") | K382: =SUMIF(B$2:B$366,A382,M$2:M$366) -> 14 | L382: =SUMIF(B$2:B$366,A382,N$2:N$366) -> 13 | M382: =IFERROR(L382/K382,"") -> 0.92857143 | N382: =SUMIF(B$2:B$366,A382,P$2:P$366) -> 10 | O382: =SUMIF(B$2:B$366,A382,Q$2:Q$366) -> 10 | P382: =IFERROR(O382/N382,"") -> 1 | Q382: =SUMIF(B$2:B$366,A382,S$2:S$366) -> 41958 | R382: =SUMIF(B$2:B$366,A382,T$2:T$366) -> 32686 | S382: =IFERROR(R382/Q382,"") -> 0.77901711 | T382: =SUMIF(B$2:B$366,A382,V$2:V$366) -> 2200 | U382: =SUMIF(B$2:B$366,A382,W$2:W$366) -> 1696 | V382: =IFERROR(U382/T382,"") -> 0.77090909 | W382: =SUMIF(B$2:B$366,A382,Y$2:Y$366) -> 0 | X382: =SUMIF(B$2:B$366,A382,Z$2:Z$366) -> 0 | Y382: =IFERROR(X382/W382,"") | Z382: =SUMIF(B$2:B$366,A382,AB$2:AB$366) -> 200000 | AA382: =SUMIF(B$2:B$366,A382,AC$2:AC$366) -> 210680 | AB382: =IFERROR(AA382/Z382,"") -> 1.0534 | AC382: =SUMIF(B$2:B$366,A382,AE$2:AE$366) -> 220000 | AD382: =SUMIF(B$2:B$366,A382,AF$2:AF$366) -> 231480 | AE382: =IFERROR(AD382/AC382,"") -> 1.0521818 | AF382: =SUMIF(B$2:B$366,A382,AH$2:AH$366) -> 2070 | AG382: =SUMIF(B$2:B$366,A382,AI$2:AI$366) -> 2140.97 | AH382: =IFERROR(AG382/AF382,"") -> 1.034285 | AI382: =SUMIF(B$2:B$366,A382,AK$2:AK$366) -> 1200 | AJ382: =SUMIF(B$2:B$366,A382,AL$2:AL$366) -> 1183 | AK382: =IFERROR(AJ382/AI382,"") -> 0.98583333 | AL382: =SUMIF(B$2:B$366,A382,AN$2:AN$366) -> 788 | AM382: =SUMIF(B$2:B$366,A382,AO$2:AO$366) -> 839 | AN382: =IFERROR(AM382/AL382,"") -> 1.0647208 | AO382: =IF((COUNTIF(D382,">0")+COUNTIF(G382,">0")+COUNTIF(J382,">0")+COUNTIF(M382,">0")+COUNTIF(P382,">0")+COUNTIF(S382,">0")+COUNTIF(V382,">0")+COUNTIF(Y382,">0")+COUNTIF(AB382,">0")+COUNTIF(AE382,">0")+COUNTIF(AH382,">0")+COUNTIF(AK382,">0")+COUNTIF(AN382,">0"))=0,"",(SUMIF(D382,">0")+SUMIF(G382,">0")+SUMIF(J382,">0")+SUMIF(M382,">0")+SUMIF(P382,">0")+SUMIF(S382,">0")+SUMIF(V382,">0")+SUMIF(Y382,">0")+SUMIF(AB382,">0")+SUMIF(AE382,">0")+SUMIF(AH382,">0")+SUMIF(AK382,">0")+SUMIF(AN382,">0"))/(COUNTIF(D382,">0")+COUNTIF(G382,">0")+COUNTIF(J382,">0")+COUNTIF(M382,">0")+COUNTIF(P382,">0")+COUNTIF(S382,">0")+COUNTIF(V382,">0")+COUNTIF(Y382,">0")+COUNTIF(AB382,">0")+COUNTIF(AE382,">0")+COUNTIF(AH382,">0")+COUNTIF(AK382,">0")+COUNTIF(AN382,">0"))) -> 0.97851007
A383: =ROW()-372 -> 11 | B383: =SUMIF(B$2:B$366,A383,D$2:D$366) -> 63532 | C383: =SUMIF(B$2:B$366,A383,E$2:E$366) -> 53826 | D383: =IFERROR(C383/B383,"") -> 0.84722659 | E383: =SUMIF(B$2:B$366,A383,G$2:G$366) -> 0 | F383: =SUMIF(B$2:B$366,A383,H$2:H$366) -> 0 | G383: =IFERROR(F383/E383,"") | H383: =SUMIF(B$2:B$366,A383,J$2:J$366) -> 0 | I383: =SUMIF(B$2:B$366,A383,K$2:K$366) -> 0 | J383: =IFERROR(I383/H383,"") | K383: =SUMIF(B$2:B$366,A383,M$2:M$366) -> 7 | L383: =SUMIF(B$2:B$366,A383,N$2:N$366) -> 7 | M383: =IFERROR(L383/K383,"") -> 1 | N383: =SUMIF(B$2:B$366,A383,P$2:P$366) -> 6 | O383: =SUMIF(B$2:B$366,A383,Q$2:Q$366) -> 6 | P383: =IFERROR(O383/N383,"") -> 1 | Q383: =SUMIF(B$2:B$366,A383,S$2:S$366) -> 32000 | R383: =SUMIF(B$2:B$366,A383,T$2:T$366) -> 39299 | S383: =IFERROR(R383/Q383,"") -> 1.2280937 | T383: =SUMIF(B$2:B$366,A383,V$2:V$366) -> 1970 | U383: =SUMIF(B$2:B$366,A383,W$2:W$366) -> 1692.95 | V383: =IFERROR(U383/T383,"") -> 0.85936548 | W383: =SUMIF(B$2:B$366,A383,Y$2:Y$366) -> 15000 | X383: =SUMIF(B$2:B$366,A383,Z$2:Z$366) -> 15385 | Y383: =IFERROR(X383/W383,"") -> 1.0256667 | Z383: =SUMIF(B$2:B$366,A383,AB$2:AB$366) -> 0 | AA383: =SUMIF(B$2:B$366,A383,AC$2:AC$366) -> 0 | AB383: =IFERROR(AA383/Z383,"") | AC383: =SUMIF(B$2:B$366,A383,AE$2:AE$366) -> 0 | AD383: =SUMIF(B$2:B$366,A383,AF$2:AF$366) -> 0 | AE383: =IFERROR(AD383/AC383,"") | AF383: =SUMIF(B$2:B$366,A383,AH$2:AH$366) -> 1600 | AG383: =SUMIF(B$2:B$366,A383,AI$2:AI$366) -> 1645.65 | AH383: =IFERROR(AG383/AF383,"") -> 1.0285313 | AI383: =SUMIF(B$2:B$366,A383,AK$2:AK$366) -> 0 | AJ383: =SUMIF(B$2:B$366,A383,AL$2:AL$366) -> 0 | AK383: =IFERROR(AJ383/AI383,"") | AL383: =SUMIF(B$2:B$366,A383,AN$2:AN$366) -> 200 | AM383: =SUMIF(B$2:B$366,A383,AO$2:AO$366) -> 219 | AN383: =IFERROR(AM383/AL383,"") -> 1.095 | AO383: =IF((COUNTIF(D383,">0")+COUNTIF(G383,">0")+COUNTIF(J383,">0")+COUNTIF(M383,">0")+COUNTIF(P383,">0")+COUNTIF(S383,">0")+COUNTIF(V383,">0")+COUNTIF(Y383,">0")+COUNTIF(AB383,">0")+COUNTIF(AE383,">0")+COUNTIF(AH383,">0")+COUNTIF(AK383,">0")+COUNTIF(AN383,">0"))=0,"",(SUMIF(D383,">0")+SUMIF(G383,">0")+SUMIF(J383,">0")+SUMIF(M383,">0")+SUMIF(P383,">0")+SUMIF(S383,">0")+SUMIF(V383,">0")+SUMIF(Y383,">0")+SUMIF(AB383,">0")+SUMIF(AE383,">0")+SUMIF(AH383,">0")+SUMIF(AK383,">0")+SUMIF(AN383,">0"))/(COUNTIF(D383,">0")+COUNTIF(G383,">0")+COUNTIF(J383,">0")+COUNTIF(M383,">0")+COUNTIF(P383,">0")+COUNTIF(S383,">0")+COUNTIF(V383,">0")+COUNTIF(Y383,">0")+COUNTIF(AB383,">0")+COUNTIF(AE383,">0")+COUNTIF(AH383,">0")+COUNTIF(AK383,">0")+COUNTIF(AN383,">0"))) -> 1.0104855
A384: =ROW()-372 -> 12 | B384: =SUMIF(B$2:B$366,A384,D$2:D$366) -> 10000 | C384: =SUMIF(B$2:B$366,A384,E$2:E$366) -> 10803 | D384: =IFERROR(C384/B384,"") -> 1.0803 | E384: =SUMIF(B$2:B$366,A384,G$2:G$366) -> 0 | F384: =SUMIF(B$2:B$366,A384,H$2:H$366) -> 0 | G384: =IFERROR(F384/E384,"") | H384: =SUMIF(B$2:B$366,A384,J$2:J$366) -> 0 | I384: =SUMIF(B$2:B$366,A384,K$2:K$366) -> 0 | J384: =IFERROR(I384/H384,"") | K384: =SUMIF(B$2:B$366,A384,M$2:M$366) -> 1 | L384: =SUMIF(B$2:B$366,A384,N$2:N$366) -> 1 | M384: =IFERROR(L384/K384,"") -> 1 | N384: =SUMIF(B$2:B$366,A384,P$2:P$366) -> 2 | O384: =SUMIF(B$2:B$366,A384,Q$2:Q$366) -> 2 | P384: =IFERROR(O384/N384,"") -> 1 | Q384: =SUMIF(B$2:B$366,A384,S$2:S$366) -> 4500 | R384: =SUMIF(B$2:B$366,A384,T$2:T$366) -> 3594 | S384: =IFERROR(R384/Q384,"") -> 0.79866667 | T384: =SUMIF(B$2:B$366,A384,V$2:V$366) -> 800 | U384: =SUMIF(B$2:B$366,A384,W$2:W$366) -> 1222.65 | V384: =IFERROR(U384/T384,"") -> 1.5283125 | W384: =SUMIF(B$2:B$366,A384,Y$2:Y$366) -> 0 | X384: =SUMIF(B$2:B$366,A384,Z$2:Z$366) -> 0 | Y384: =IFERROR(X384/W384,"") | Z384: =SUMIF(B$2:B$366,A384,AB$2:AB$366) -> 0 | AA384: =SUMIF(B$2:B$366,A384,AC$2:AC$366) -> 0 | AB384: =IFERROR(AA384/Z384,"") | AC384: =SUMIF(B$2:B$366,A384,AE$2:AE$366) -> 0 | AD384: =SUMIF(B$2:B$366,A384,AF$2:AF$366) -> 0 | AE384: =IFERROR(AD384/AC384,"") | AF384: =SUMIF(B$2:B$366,A384,AH$2:AH$366) -> 600 | AG384: =SUMIF(B$2:B$366,A384,AI$2:AI$366) -> 572 | AH384: =IFERROR(AG384/AF384,"") -> 0.95333333 | AI384: =SUMIF(B$2:B$366,A384,AK$2:AK$366) -> 0 | AJ384: =SUMIF(B$2:B$366,A384,AL$2:AL$366) -> 0 | AK384: =IFERROR(AJ384/AI384,"") | AL384: =SUMIF(B$2:B$366,A384,AN$2:AN$366) -> 0 | AM384: =SUMIF(B$2:B$366,A384,AO$2:AO$366) -> 0 | AN384: =IFERROR(AM384/AL384,"") | AO384: =IF((COUNTIF(D384,">0")+COUNTIF(G384,">0")+COUNTIF(J384,">0")+COUNTIF(M384,">0")+COUNTIF(P384,">0")+COUNTIF(S384,">0")+COUNTIF(V384,">0")+COUNTIF(Y384,">0")+COUNTIF(AB384,">0")+COUNTIF(AE384,">0")+COUNTIF(AH384,">0")+COUNTIF(AK384,">0")+COUNTIF(AN384,">0"))=0,"",(SUMIF(D384,">0")+SUMIF(G384,">0")+SUMIF(J384,">0")+SUMIF(M384,">0")+SUMIF(P384,">0")+SUMIF(S384,">0")+SUMIF(V384,">0")+SUMIF(Y384,">0")+SUMIF(AB384,">0")+SUMIF(AE384,">0")+SUMIF(AH384,">0")+SUMIF(AK384,">0")+SUMIF(AN384,">0"))/(COUNTIF(D384,">0")+COUNTIF(G384,">0")+COUNTIF(J384,">0")+COUNTIF(M384,">0")+COUNTIF(P384,">0")+COUNTIF(S384,">0")+COUNTIF(V384,">0")+COUNTIF(Y384,">0")+COUNTIF(AB384,">0")+COUNTIF(AE384,">0")+COUNTIF(AH384,">0")+COUNTIF(AK384,">0")+COUNTIF(AN384,">0"))) -> 1.0601021
... A425: =ROW()-372 -> 53 | B425: =SUMIF(B$2:B$366,A425,D$2:D$366) -> 0 | C425: =SUMIF(B$2:B$366,A425,E$2:E$366) -> 0 | D425: =IFERROR(C425/B425,"") | E425: =SUMIF(B$2:B$366,A425,G$2:G$366) -> 0 | F425: =SUMIF(B$2:B$366,A425,H$2:H$366) -> 0 | G425: =IFERROR(F425/E425,"") | H425: =SUMIF(B$2:B$366,A425,J$2:J$366) -> 0 | I425: =SUMIF(B$2:B$366,A425,K$2:K$366) -> 0 | J425: =IFERROR(I425/H425,"") | K425: =SUMIF(B$2:B$366,A425,M$2:M$366) -> 0 | L425: =SUMIF(B$2:B$366,A425,N$2:N$366) -> 0 | M425: =IFERROR(L425/K425,"") | N425: =SUMIF(B$2:B$366,A425,P$2:P$366) -> 0 | O425: =SUMIF(B$2:B$366,A425,Q$2:Q$366) -> 0 | P425: =IFERROR(O425/N425,"") | Q425: =SUMIF(B$2:B$366,A425,S$2:S$366) -> 0 | R425: =SUMIF(B$2:B$366,A425,T$2:T$366) -> 0 | S425: =IFERROR(R425/Q425,"") | T425: =SUMIF(B$2:B$366,A425,V$2:V$366) -> 0 | U425: =SUMIF(B$2:B$366,A425,W$2:W$366) -> 0 | V425: =IFERROR(U425/T425,"") | W425: =SUMIF(B$2:B$366,A425,Y$2:Y$366) -> 0 | X425: =SUMIF(B$2:B$366,A425,Z$2:Z$366) -> 0 | Y425: =IFERROR(X425/W425,"") | Z425: =SUMIF(B$2:B$366,A425,AB$2:AB$366) -> 0 | AA425: =SUMIF(B$2:B$366,A425,AC$2:AC$366) -> 0 | AB425: =IFERROR(AA425/Z425,"") | AC425: =SUMIF(B$2:B$366,A425,AE$2:AE$366) -> 0 | AD425: =SUMIF(B$2:B$366,A425,AF$2:AF$366) -> 0 | AE425: =IFERROR(AD425/AC425,"") | AF425: =SUMIF(B$2:B$366,A425,AH$2:AH$366) -> 0 | AG425: =SUMIF(B$2:B$366,A425,AI$2:AI$366) -> 0 | AH425: =IFERROR(AG425/AF425,"") | AI425: =SUMIF(B$2:B$366,A425,AK$2:AK$366) -> 0 | AJ425: =SUMIF(B$2:B$366,A425,AL$2:AL$366) -> 0 | AK425: =IFERROR(AJ425/AI425,"") | AL425: =SUMIF(B$2:B$366,A425,AN$2:AN$366) -> 0 | AM425: =SUMIF(B$2:B$366,A425,AO$2:AO$366) -> 0 | AN425: =IFERROR(AM425/AL425,"") | AO425: =IF((COUNTIF(D425,">0")+COUNTIF(G425,">0")+COUNTIF(J425,">0")+COUNTIF(M425,">0")+COUNTIF(P425,">0")+COUNTIF(S425,">0")+COUNTIF(V425,">0")+COUNTIF(Y425,">0")+COUNTIF(AB425,">0")+COUNTIF(AE425,">0")+COUNTIF(AH425,">0")+COUNTIF(AK425,">0")+COUNTIF(AN425,">0"))=0,"",(SUMIF(D425,">0")+SUMIF(G425,">0")+SUMIF(J425,">0")+SUMIF(M425,">0")+SUMIF(P425,">0")+SUMIF(S425,">0")+SUMIF(V425,">0")+SUMIF(Y425,">0")+SUMIF(AB425,">0")+SUMIF(AE425,">0")+SUMIF(AH425,">0")+SUMIF(AK425,">0")+SUMIF(AN425,">0"))/(COUNTIF(D425,">0")+COUNTIF(G425,">0")+COUNTIF(J425,">0")+COUNTIF(M425,">0")+COUNTIF(P425,">0")+COUNTIF(S425,">0")+COUNTIF(V425,">0")+COUNTIF(Y425,">0")+COUNTIF(AB425,">0")+COUNTIF(AE425,">0")+COUNTIF(AH425,">0")+COUNTIF(AK425,">0")+COUNTIF(AN425,">0")))
A426: Месяц | B426: План Б2.Б3,Б4, м.пог. | C426: Факт Б2.Б3,Б4, м.пог. | D426: % выполнения | E426: План цветная печать, м.пог. | F426: Факт цветная печать, м.пог. | G426: % выполнения | H426: План валовая печать,м.пог. | I426: Факт валовая печать,м.пог. | J426: % выполнения | K426: План Джиггер1,2 ;Джет, циклы | L426: Факт Джиггер 1,2;Джет,циклы | M426: % выполнения | N426: План Джиггер1,2 ;Джет, циклы2 | O426: Факт Джиггер 1,2;Джет,циклы3 | P426: % выполнения | Q426: План СШМ, м.пог. | R426: Факт СШМ, м.пог. | S426: % выполнения | T426: План СШМ,кг(флис) | U426: Факт СШМ,кг(флис) | V426: % выполнения | W426: План мембрана, м.пог. | X426: Факт мембрана, м.пог. | Y426: % выполнения | Z426: План ленты(1-й слой), м.пог. | AA426: Факт ленты(1-й слой), м.пог. | AB426: % выполнения | AC426: Ленты(резка), м.пог. | AD426: Ленты(резка), м.пог. | AE426: % выполнения | AF426: План флис(вязание) ,кг | AG426: Факт Флис(вязание),кг | AH426: % выполнения | AI426: План флис(ворсование),кг. | AJ426: Факт флис(ворсование),кг. | AK426: % выполнения | AL426: План флис(тумблировние),кг | AM426: Факт флис(тумблировние),кг | AN426: % выполнения | AO426: Средний общ. %
A427: январь | B427: =SUMIFS($D$2:$D$366,$A$2:$A$366,">="&DATE(YEAR($A$2),ROW()-426,1),$A$2:$A$366,"<"&EOMONTH(DATE(YEAR($A$2),ROW()-426,1),0)+1) -> 0 | C427: =SUMIFS(OFFSET($D$2:$D$366,0,COLUMN()-2),$A$2:$A$366,">="&DATE(YEAR($A$2),ROW()-426,1),$A$2:$A$366,"<"&EOMONTH(DATE(YEAR($A$2),ROW()-426,1),0)+1) -> 0 | D427: =IFERROR(C427/B427,"") | E427: =SUMIFS(OFFSET($D$2:$D$366,0,COLUMN()-2),$A$2:$A$366,">="&DATE(YEAR($A$2),ROW()-426,1),$A$2:$A$366,"<"&EOMONTH(DATE(YEAR($A$2),ROW()-426,1),0)+1) -> 0 | F427: =SUMIFS(OFFSET($D$2:$D$366,0,COLUMN()-2),$A$2:$A$366,">="&DATE(YEAR($A$2),ROW()-426,1),$A$2:$A$366,"<"&EOMONTH(DATE(YEAR($A$2),ROW()-426,1),0)+1) -> 0 | G427: =IFERROR(F427/E427,"") | H427: =SUMIFS(OFFSET($D$2:$D$366,0,COLUMN()-2),$A$2:$A$366,">="&DATE(YEAR($A$2),ROW()-426,1),$A$2:$A$366,"<"&EOMONTH(DATE(YEAR($A$2),ROW()-426,1),0)+1) -> 0 | I427: =SUMIFS(OFFSET($D$2:$D$366,0,COLUMN()-2),$A$2:$A$366,">="&DATE(YEAR($A$2),ROW()-426,1),$A$2:$A$366,"<"&EOMONTH(DATE(YEAR($A$2),ROW()-426,1),0)+1) -> 0 | J427: =IFERROR(I427/H427,"") | K427: =SUMIFS(OFFSET($D$2:$D$366,0,COLUMN()-2),$A$2:$A$366,">="&DATE(YEAR($A$2),ROW()-426,1),$A$2:$A$366,"<"&EOMONTH(DATE(YEAR($A$2),ROW()-426,1),0)+1) -> 0 | L427: =SUMIFS(OFFSET($D$2:$D$366,0,COLUMN()-2),$A$2:$A$366,">="&DATE(YEAR($A$2),ROW()-426,1),$A$2:$A$366,"<"&EOMONTH(DATE(YEAR($A$2),ROW()-426,1),0)+1) -> 0 | M427: =IFERROR(L427/K427,"") | N427: =SUMIFS(OFFSET($D$2:$D$366,0,COLUMN()-2),$A$2:$A$366,">="&DATE(YEAR($A$2),ROW()-426,1),$A$2:$A$366,"<"&EOMONTH(DATE(YEAR($A$2),ROW()-426,1),0)+1) -> 0 | O427: =SUMIFS(OFFSET($D$2:$D$366,0,COLUMN()-2),$A$2:$A$366,">="&DATE(YEAR($A$2),ROW()-426,1),$A$2:$A$366,"<"&EOMONTH(DATE(YEAR($A$2),ROW()-426,1),0)+1) -> 0 | P427: =IFERROR(O427/N427,"") | Q427: =SUMIFS(OFFSET($D$2:$D$366,0,COLUMN()-2),$A$2:$A$366,">="&DATE(YEAR($A$2),ROW()-426,1),$A$2:$A$366,"<"&EOMONTH(DATE(YEAR($A$2),ROW()-426,1),0)+1) -> 0 | R427: =SUMIFS(OFFSET($D$2:$D$366,0,COLUMN()-2),$A$2:$A$366,">="&DATE(YEAR($A$2),ROW()-426,1),$A$2:$A$366,"<"&EOMONTH(DATE(YEAR($A$2),ROW()-426,1),0)+1) -> 0 | S427: =IFERROR(R427/Q427,"") | T427: =SUMIFS(OFFSET($D$2:$D$366,0,COLUMN()-2),$A$2:$A$366,">="&DATE(YEAR($A$2),ROW()-426,1),$A$2:$A$366,"<"&EOMONTH(DATE(YEAR($A$2),ROW()-426,1),0)+1) -> 0 | U427: =SUMIFS(OFFSET($D$2:$D$366,0,COLUMN()-2),$A$2:$A$366,">="&DATE(YEAR($A$2),ROW()-426,1),$A$2:$A$366,"<"&EOMONTH(DATE(YEAR($A$2),ROW()-426,1),0)+1) -> 0 | V427: =IFERROR(U427/T427,"") | W427: =SUMIFS(OFFSET($D$2:$D$366,0,COLUMN()-2),$A$2:$A$366,">="&DATE(YEAR($A$2),ROW()-426,1),$A$2:$A$366,"<"&EOMONTH(DATE(YEAR($A$2),ROW()-426,1),0)+1) -> 0 | X427: =SUMIFS(OFFSET($D$2:$D$366,0,COLUMN()-2),$A$2:$A$366,">="&DATE(YEAR($A$2),ROW()-426,1),$A$2:$A$366,"<"&EOMONTH(DATE(YEAR($A$2),ROW()-426,1),0)+1) -> 0 | Y427: =IFERROR(X427/W427,"") | Z427: =SUMIFS(OFFSET($D$2:$D$366,0,COLUMN()-2),$A$2:$A$366,">="&DATE(YEAR($A$2),ROW()-426,1),$A$2:$A$366,"<"&EOMONTH(DATE(YEAR($A$2),ROW()-426,1),0)+1) -> 0 | AA427: =SUMIFS(OFFSET($D$2:$D$366,0,COLUMN()-2),$A$2:$A$366,">="&DATE(YEAR($A$2),ROW()-426,1),$A$2:$A$366,"<"&EOMONTH(DATE(YEAR($A$2),ROW()-426,1),0)+1) -> 0 | AB427: =IFERROR(AA427/Z427,"") | AC427: =SUMIFS(OFFSET($D$2:$D$366,0,COLUMN()-2),$A$2:$A$366,">="&DATE(YEAR($A$2),ROW()-426,1),$A$2:$A$366,"<"&EOMONTH(DATE(YEAR($A$2),ROW()-426,1),0)+1) -> 0 | AD427: =SUMIFS(OFFSET($D$2:$D$366,0,COLUMN()-2),$A$2:$A$366,">="&DATE(YEAR($A$2),ROW()-426,1),$A$2:$A$366,"<"&EOMONTH(DATE(YEAR($A$2),ROW()-426,1),0)+1) -> 0 | AE427: =IFERROR(AD427/AC427,"") | AF427: =SUMIFS(OFFSET($D$2:$D$366,0,COLUMN()-2),$A$2:$A$366,">="&DATE(YEAR($A$2),ROW()-426,1),$A$2:$A$366,"<"&EOMONTH(DATE(YEAR($A$2),ROW()-426,1),0)+1) -> 0 | AG427: =SUMIFS(OFFSET($D$2:$D$366,0,COLUMN()-2),$A$2:$A$366,">="&DATE(YEAR($A$2),ROW()-426,1),$A$2:$A$366,"<"&EOMONTH(DATE(YEAR($A$2),ROW()-426,1),0)+1) -> 0 | AH427: =IFERROR(AG427/AF427,"") | AI427: =SUMIFS(OFFSET($D$2:$D$366,0,COLUMN()-2),$A$2:$A$366,">="&DATE(YEAR($A$2),ROW()-426,1),$A$2:$A$366,"<"&EOMONTH(DATE(YEAR($A$2),ROW()-426,1),0)+1) -> 0 | AJ427: =SUMIFS(OFFSET($D$2:$D$366,0,COLUMN()-2),$A$2:$A$366,">="&DATE(YEAR($A$2),ROW()-426,1),$A$2:$A$366,"<"&EOMONTH(DATE(YEAR($A$2),ROW()-426,1),0)+1) -> 0 | AK427: =IFERROR(AJ427/AI427,"") | AL427: =SUMIFS(OFFSET($D$2:$D$366,0,COLUMN()-2),$A$2:$A$366,">="&DATE(YEAR($A$2),ROW()-426,1),$A$2:$A$366,"<"&EOMONTH(DATE(YEAR($A$2),ROW()-426,1),0)+1) -> 0 | AM427: =SUMIFS(OFFSET($D$2:$D$366,0,COLUMN()-2),$A$2:$A$366,">="&DATE(YEAR($A$2),ROW()-426,1),$A$2:$A$366,"<"&EOMONTH(DATE(YEAR($A$2),ROW()-426,1),0)+1) -> 0 | AN427: =IFERROR(AM427/AL427,"") | AO427: =IF((COUNTIF(D427,">0")+COUNTIF(G427,">0")+COUNTIF(J427,">0")+COUNTIF(M427,">0")+COUNTIF(P427,">0")+COUNTIF(S427,">0")+COUNTIF(V427,">0")+COUNTIF(Y427,">0")+COUNTIF(AB427,">0")+COUNTIF(AE427,">0")+COUNTIF(AH427,">0")+COUNTIF(AK427,">0")+COUNTIF(AN427,">0"))=0,"",(SUMIF(D427,">0")+SUMIF(G427,">0")+SUMIF(J427,">0")+SUMIF(M427,">0")+SUMIF(P427,">0")+SUMIF(S427,">0")+SUMIF(V427,">0")+SUMIF(Y427,">0")+SUMIF(AB427,">0")+SUMIF(AE427,">0")+SUMIF(AH427,">0")+SUMIF(AK427,">0")+SUMIF(AN427,">0"))/(COUNTIF(D427,">0")+COUNTIF(G427,">0")+COUNTIF(J427,">0")+COUNTIF(M427,">0")+COUNTIF(P427,">0")+COUNTIF(S427,">0")+COUNTIF(V427,">0")+COUNTIF(Y427,">0")+COUNTIF(AB427,">0")+COUNTIF(AE427,">0")+COUNTIF(AH427,">0")+COUNTIF(AK427,">0")+COUNTIF(AN427,">0")))
A428: февраль | B428: =SUMIFS($D$2:$D$366,$A$2:$A$366,">="&DATE(YEAR($A$2),ROW()-426,1),$A$2:$A$366,"<"&EOMONTH(DATE(YEAR($A$2),ROW()-426,1),0)+1) -> 0 | C428: =SUMIFS(OFFSET($D$2:$D$366,0,COLUMN()-2),$A$2:$A$366,">="&DATE(YEAR($A$2),ROW()-426,1),$A$2:$A$366,"<"&EOMONTH(DATE(YEAR($A$2),ROW()-426,1),0)+1) -> 0 | D428: =IFERROR(C428/B428,"") | E428: =SUMIFS(OFFSET($D$2:$D$366,0,COLUMN()-2),$A$2:$A$366,">="&DATE(YEAR($A$2),ROW()-426,1),$A$2:$A$366,"<"&EOMONTH(DATE(YEAR($A$2),ROW()-426,1),0)+1) -> 0 | F428: =SUMIFS(OFFSET($D$2:$D$366,0,COLUMN()-2),$A$2:$A$366,">="&DATE(YEAR($A$2),ROW()-426,1),$A$2:$A$366,"<"&EOMONTH(DATE(YEAR($A$2),ROW()-426,1),0)+1) -> 0 | G428: =IFERROR(F428/E428,"") | H428: =SUMIFS(OFFSET($D$2:$D$366,0,COLUMN()-2),$A$2:$A$366,">="&DATE(YEAR($A$2),ROW()-426,1),$A$2:$A$366,"<"&EOMONTH(DATE(YEAR($A$2),ROW()-426,1),0)+1) -> 0 | I428: =SUMIFS(OFFSET($D$2:$D$366,0,COLUMN()-2),$A$2:$A$366,">="&DATE(YEAR($A$2),ROW()-426,1),$A$2:$A$366,"<"&EOMONTH(DATE(YEAR($A$2),ROW()-426,1),0)+1) -> 0 | J428: =IFERROR(I428/H428,"") | K428: =SUMIFS(OFFSET($D$2:$D$366,0,COLUMN()-2),$A$2:$A$366,">="&DATE(YEAR($A$2),ROW()-426,1),$A$2:$A$366,"<"&EOMONTH(DATE(YEAR($A$2),ROW()-426,1),0)+1) -> 0 | L428: =SUMIFS(OFFSET($D$2:$D$366,0,COLUMN()-2),$A$2:$A$366,">="&DATE(YEAR($A$2),ROW()-426,1),$A$2:$A$366,"<"&EOMONTH(DATE(YEAR($A$2),ROW()-426,1),0)+1) -> 0 | M428: =IFERROR(L428/K428,"") | N428: =SUMIFS(OFFSET($D$2:$D$366,0,COLUMN()-2),$A$2:$A$366,">="&DATE(YEAR($A$2),ROW()-426,1),$A$2:$A$366,"<"&EOMONTH(DATE(YEAR($A$2),ROW()-426,1),0)+1) -> 0 | O428: =SUMIFS(OFFSET($D$2:$D$366,0,COLUMN()-2),$A$2:$A$366,">="&DATE(YEAR($A$2),ROW()-426,1),$A$2:$A$366,"<"&EOMONTH(DATE(YEAR($A$2),ROW()-426,1),0)+1) -> 0 | P428: =IFERROR(O428/N428,"") | Q428: =SUMIFS(OFFSET($D$2:$D$366,0,COLUMN()-2),$A$2:$A$366,">="&DATE(YEAR($A$2),ROW()-426,1),$A$2:$A$366,"<"&EOMONTH(DATE(YEAR($A$2),ROW()-426,1),0)+1) -> 0 | R428: =SUMIFS(OFFSET($D$2:$D$366,0,COLUMN()-2),$A$2:$A$366,">="&DATE(YEAR($A$2),ROW()-426,1),$A$2:$A$366,"<"&EOMONTH(DATE(YEAR($A$2),ROW()-426,1),0)+1) -> 0 | S428: =IFERROR(R428/Q428,"") | T428: =SUMIFS(OFFSET($D$2:$D$366,0,COLUMN()-2),$A$2:$A$366,">="&DATE(YEAR($A$2),ROW()-426,1),$A$2:$A$366,"<"&EOMONTH(DATE(YEAR($A$2),ROW()-426,1),0)+1) -> 0 | U428: =SUMIFS(OFFSET($D$2:$D$366,0,COLUMN()-2),$A$2:$A$366,">="&DATE(YEAR($A$2),ROW()-426,1),$A$2:$A$366,"<"&EOMONTH(DATE(YEAR($A$2),ROW()-426,1),0)+1) -> 0 | V428: =IFERROR(U428/T428,"") | W428: =SUMIFS(OFFSET($D$2:$D$366,0,COLUMN()-2),$A$2:$A$366,">="&DATE(YEAR($A$2),ROW()-426,1),$A$2:$A$366,"<"&EOMONTH(DATE(YEAR($A$2),ROW()-426,1),0)+1) -> 0 | X428: =SUMIFS(OFFSET($D$2:$D$366,0,COLUMN()-2),$A$2:$A$366,">="&DATE(YEAR($A$2),ROW()-426,1),$A$2:$A$366,"<"&EOMONTH(DATE(YEAR($A$2),ROW()-426,1),0)+1) -> 0 | Y428: =IFERROR(X428/W428,"") | Z428: =SUMIFS(OFFSET($D$2:$D$366,0,COLUMN()-2),$A$2:$A$366,">="&DATE(YEAR($A$2),ROW()-426,1),$A$2:$A$366,"<"&EOMONTH(DATE(YEAR($A$2),ROW()-426,1),0)+1) -> 0 | AA428: =SUMIFS(OFFSET($D$2:$D$366,0,COLUMN()-2),$A$2:$A$366,">="&DATE(YEAR($A$2),ROW()-426,1),$A$2:$A$366,"<"&EOMONTH(DATE(YEAR($A$2),ROW()-426,1),0)+1) -> 0 | AB428: =IFERROR(AA428/Z428,"") | AC428: =SUMIFS(OFFSET($D$2:$D$366,0,COLUMN()-2),$A$2:$A$366,">="&DATE(YEAR($A$2),ROW()-426,1),$A$2:$A$366,"<"&EOMONTH(DATE(YEAR($A$2),ROW()-426,1),0)+1) -> 0 | AD428: =SUMIFS(OFFSET($D$2:$D$366,0,COLUMN()-2),$A$2:$A$366,">="&DATE(YEAR($A$2),ROW()-426,1),$A$2:$A$366,"<"&EOMONTH(DATE(YEAR($A$2),ROW()-426,1),0)+1) -> 0 | AE428: =IFERROR(AD428/AC428,"") | AF428: =SUMIFS(OFFSET($D$2:$D$366,0,COLUMN()-2),$A$2:$A$366,">="&DATE(YEAR($A$2),ROW()-426,1),$A$2:$A$366,"<"&EOMONTH(DATE(YEAR($A$2),ROW()-426,1),0)+1) -> 0 | AG428: =SUMIFS(OFFSET($D$2:$D$366,0,COLUMN()-2),$A$2:$A$366,">="&DATE(YEAR($A$2),ROW()-426,1),$A$2:$A$366,"<"&EOMONTH(DATE(YEAR($A$2),ROW()-426,1),0)+1) -> 0 | AH428: =IFERROR(AG428/AF428,"") | AI428: =SUMIFS(OFFSET($D$2:$D$366,0,COLUMN()-2),$A$2:$A$366,">="&DATE(YEAR($A$2),ROW()-426,1),$A$2:$A$366,"<"&EOMONTH(DATE(YEAR($A$2),ROW()-426,1),0)+1) -> 0 | AJ428: =SUMIFS(OFFSET($D$2:$D$366,0,COLUMN()-2),$A$2:$A$366,">="&DATE(YEAR($A$2),ROW()-426,1),$A$2:$A$366,"<"&EOMONTH(DATE(YEAR($A$2),ROW()-426,1),0)+1) -> 0 | AK428: =IFERROR(AJ428/AI428,"") | AL428: =SUMIFS(OFFSET($D$2:$D$366,0,COLUMN()-2),$A$2:$A$366,">="&DATE(YEAR($A$2),ROW()-426,1),$A$2:$A$366,"<"&EOMONTH(DATE(YEAR($A$2),ROW()-426,1),0)+1) -> 0 | AM428: =SUMIFS(OFFSET($D$2:$D$366,0,COLUMN()-2),$A$2:$A$366,">="&DATE(YEAR($A$2),ROW()-426,1),$A$2:$A$366,"<"&EOMONTH(DATE(YEAR($A$2),ROW()-426,1),0)+1) -> 0 | AN428: =IFERROR(AM428/AL428,"") | AO428: =IF((COUNTIF(D428,">0")+COUNTIF(G428,">0")+COUNTIF(J428,">0")+COUNTIF(M428,">0")+COUNTIF(P428,">0")+COUNTIF(S428,">0")+COUNTIF(V428,">0")+COUNTIF(Y428,">0")+COUNTIF(AB428,">0")+COUNTIF(AE428,">0")+COUNTIF(AH428,">0")+COUNTIF(AK428,">0")+COUNTIF(AN428,">0"))=0,"",(SUMIF(D428,">0")+SUMIF(G428,">0")+SUMIF(J428,">0")+SUMIF(M428,">0")+SUMIF(P428,">0")+SUMIF(S428,">0")+SUMIF(V428,">0")+SUMIF(Y428,">0")+SUMIF(AB428,">0")+SUMIF(AE428,">0")+SUMIF(AH428,">0")+SUMIF(AK428,">0")+SUMIF(AN428,">0"))/(COUNTIF(D428,">0")+COUNTIF(G428,">0")+COUNTIF(J428,">0")+COUNTIF(M428,">0")+COUNTIF(P428,">0")+COUNTIF(S428,">0")+COUNTIF(V428,">0")+COUNTIF(Y428,">0")+COUNTIF(AB428,">0")+COUNTIF(AE428,">0")+COUNTIF(AH428,">0")+COUNTIF(AK428,">0")+COUNTIF(AN428,">0")))
A429: март | B429: =SUMIFS($D$2:$D$366,$A$2:$A$366,">="&DATE(YEAR($A$2),ROW()-426,1),$A$2:$A$366,"<"&EOMONTH(DATE(YEAR($A$2),ROW()-426,1),0)+1) -> 134445 | C429: =SUMIFS(OFFSET($D$2:$D$366,0,COLUMN()-2),$A$2:$A$366,">="&DATE(YEAR($A$2),ROW()-426,1),$A$2:$A$366,"<"&EOMONTH(DATE(YEAR($A$2),ROW()-426,1),0)+1) -> 132619 | D429: =IFERROR(C429/B429,"") -> 0.98641824 | E429: =SUMIFS(OFFSET($D$2:$D$366,0,COLUMN()-2),$A$2:$A$366,">="&DATE(YEAR($A$2),ROW()-426,1),$A$2:$A$366,"<"&EOMONTH(DATE(YEAR($A$2),ROW()-426,1),0)+1) -> 0 | F429: =SUMIFS(OFFSET($D$2:$D$366,0,COLUMN()-2),$A$2:$A$366,">="&DATE(YEAR($A$2),ROW()-426,1),$A$2:$A$366,"<"&EOMONTH(DATE(YEAR($A$2),ROW()-426,1),0)+1) -> 0 | G429: =IFERROR(F429/E429,"") | H429: =SUMIFS(OFFSET($D$2:$D$366,0,COLUMN()-2),$A$2:$A$366,">="&DATE(YEAR($A$2),ROW()-426,1),$A$2:$A$366,"<"&EOMONTH(DATE(YEAR($A$2),ROW()-426,1),0)+1) -> 0 | I429: =SUMIFS(OFFSET($D$2:$D$366,0,COLUMN()-2),$A$2:$A$366,">="&DATE(YEAR($A$2),ROW()-426,1),$A$2:$A$366,"<"&EOMONTH(DATE(YEAR($A$2),ROW()-426,1),0)+1) -> 0 | J429: =IFERROR(I429/H429,"") | K429: =SUMIFS(OFFSET($D$2:$D$366,0,COLUMN()-2),$A$2:$A$366,">="&DATE(YEAR($A$2),ROW()-426,1),$A$2:$A$366,"<"&EOMONTH(DATE(YEAR($A$2),ROW()-426,1),0)+1) -> 22 | L429: =SUMIFS(OFFSET($D$2:$D$366,0,COLUMN()-2),$A$2:$A$366,">="&DATE(YEAR($A$2),ROW()-426,1),$A$2:$A$366,"<"&EOMONTH(DATE(YEAR($A$2),ROW()-426,1),0)+1) -> 21 | M429: =IFERROR(L429/K429,"") -> 0.95454545 | N429: =SUMIFS(OFFSET($D$2:$D$366,0,COLUMN()-2),$A$2:$A$366,">="&DATE(YEAR($A$2),ROW()-426,1),$A$2:$A$366,"<"&EOMONTH(DATE(YEAR($A$2),ROW()-426,1),0)+1) -> 18 | O429: =SUMIFS(OFFSET($D$2:$D$366,0,COLUMN()-2),$A$2:$A$366,">="&DATE(YEAR($A$2),ROW()-426,1),$A$2:$A$366,"<"&EOMONTH(DATE(YEAR($A$2),ROW()-426,1),0)+1) -> 18 | P429: =IFERROR(O429/N429,"") -> 1 | Q429: =SUMIFS(OFFSET($D$2:$D$366,0,COLUMN()-2),$A$2:$A$366,">="&DATE(YEAR($A$2),ROW()-426,1),$A$2:$A$366,"<"&EOMONTH(DATE(YEAR($A$2),ROW()-426,1),0)+1) -> 78458 | R429: =SUMIFS(OFFSET($D$2:$D$366,0,COLUMN()-2),$A$2:$A$366,">="&DATE(YEAR($A$2),ROW()-426,1),$A$2:$A$366,"<"&EOMONTH(DATE(YEAR($A$2),ROW()-426,1),0)+1) -> 75579 | S429: =IFERROR(R429/Q429,"") -> 0.96330521 | T429: =SUMIFS(OFFSET($D$2:$D$366,0,COLUMN()-2),$A$2:$A$366,">="&DATE(YEAR($A$2),ROW()-426,1),$A$2:$A$366,"<"&EOMONTH(DATE(YEAR($A$2),ROW()-426,1),0)+1) -> 4970 | U429: =SUMIFS(OFFSET($D$2:$D$366,0,COLUMN()-2),$A$2:$A$366,">="&DATE(YEAR($A$2),ROW()-426,1),$A$2:$A$366,"<"&EOMONTH(DATE(YEAR($A$2),ROW()-426,1),0)+1) -> 4611.6 | V429: =IFERROR(U429/T429,"") -> 0.92788732 | W429: =SUMIFS(OFFSET($D$2:$D$366,0,COLUMN()-2),$A$2:$A$366,">="&DATE(YEAR($A$2),ROW()-426,1),$A$2:$A$366,"<"&EOMONTH(DATE(YEAR($A$2),ROW()-426,1),0)+1) -> 15000 | X429: =SUMIFS(OFFSET($D$2:$D$366,0,COLUMN()-2),$A$2:$A$366,">="&DATE(YEAR($A$2),ROW()-426,1),$A$2:$A$366,"<"&EOMONTH(DATE(YEAR($A$2),ROW()-426,1),0)+1) -> 15385 | Y429: =IFERROR(X429/W429,"") -> 1.0256667 | Z429: =SUMIFS(OFFSET($D$2:$D$366,0,COLUMN()-2),$A$2:$A$366,">="&DATE(YEAR($A$2),ROW()-426,1),$A$2:$A$366,"<"&EOMONTH(DATE(YEAR($A$2),ROW()-426,1),0)+1) -> 200000 | AA429: =SUMIFS(OFFSET($D$2:$D$366,0,COLUMN()-2),$A$2:$A$366,">="&DATE(YEAR($A$2),ROW()-426,1),$A$2:$A$366,"<"&EOMONTH(DATE(YEAR($A$2),ROW()-426,1),0)+1) -> 210680 | AB429: =IFERROR(AA429/Z429,"") -> 1.0534 | AC429: =SUMIFS(OFFSET($D$2:$D$366,0,COLUMN()-2),$A$2:$A$366,">="&DATE(YEAR($A$2),ROW()-426,1),$A$2:$A$366,"<"&EOMONTH(DATE(YEAR($A$2),ROW()-426,1),0)+1) -> 220000 | AD429: =SUMIFS(OFFSET($D$2:$D$366,0,COLUMN()-2),$A$2:$A$366,">="&DATE(YEAR($A$2),ROW()-426,1),$A$2:$A$366,"<"&EOMONTH(DATE(YEAR($A$2),ROW()-426,1),0)+1) -> 231480 | AE429: =IFERROR(AD429/AC429,"") -> 1.0521818 | AF429: =SUMIFS(OFFSET($D$2:$D$366,0,COLUMN()-2),$A$2:$A$366,">="&DATE(YEAR($A$2),ROW()-426,1),$A$2:$A$366,"<"&EOMONTH(DATE(YEAR($A$2),ROW()-426,1),0)+1) -> 4270 | AG429: =SUMIFS(OFFSET($D$2:$D$366,0,COLUMN()-2),$A$2:$A$366,">="&DATE(YEAR($A$2),ROW()-426,1),$A$2:$A$366,"<"&EOMONTH(DATE(YEAR($A$2),ROW()-426,1),0)+1) -> 4358.62 | AH429: =IFERROR(AG429/AF429,"") -> 1.0207541 | AI429: =SUMIFS(OFFSET($D$2:$D$366,0,COLUMN()-2),$A$2:$A$366,">="&DATE(YEAR($A$2),ROW()-426,1),$A$2:$A$366,"<"&EOMONTH(DATE(YEAR($A$2),ROW()-426,1),0)+1) -> 1200 | AJ429: =SUMIFS(OFFSET($D$2:$D$366,0,COLUMN()-2),$A$2:$A$366,">="&DATE(YEAR($A$2),ROW()-426,1),$A$2:$A$366,"<"&EOMONTH(DATE(YEAR($A$2),ROW()-426,1),0)+1) -> 1183 | AK429: =IFERROR(AJ429/AI429,"") -> 0.98583333 | AL429: =SUMIFS(OFFSET($D$2:$D$366,0,COLUMN()-2),$A$2:$A$366,">="&DATE(YEAR($A$2),ROW()-426,1),$A$2:$A$366,"<"&EOMONTH(DATE(YEAR($A$2),ROW()-426,1),0)+1) -> 988 | AM429: =SUMIFS(OFFSET($D$2:$D$366,0,COLUMN()-2),$A$2:$A$366,">="&DATE(YEAR($A$2),ROW()-426,1),$A$2:$A$366,"<"&EOMONTH(DATE(YEAR($A$2),ROW()-426,1),0)+1) -> 1058 | AN429: =IFERROR(AM429/AL429,"") -> 1.0708502 | AO429: =IF((COUNTIF(D429,">0")+COUNTIF(G429,">0")+COUNTIF(J429,">0")+COUNTIF(M429,">0")+COUNTIF(P429,">0")+COUNTIF(S429,">0")+COUNTIF(V429,">0")+COUNTIF(Y429,">0")+COUNTIF(AB429,">0")+COUNTIF(AE429,">0")+COUNTIF(AH429,">0")+COUNTIF(AK429,">0")+COUNTIF(AN429,">0"))=0,"",(SUMIF(D429,">0")+SUMIF(G429,">0")+SUMIF(J429,">0")+SUMIF(M429,">0")+SUMIF(P429,">0")+SUMIF(S429,">0")+SUMIF(V429,">0")+SUMIF(Y429,">0")+SUMIF(AB429,">0")+SUMIF(AE429,">0")+SUMIF(AH429,">0")+SUMIF(AK429,">0")+SUMIF(AN429,">0"))/(COUNTIF(D429,">0")+COUNTIF(G429,">0")+COUNTIF(J429,">0")+COUNTIF(M429,">0")+COUNTIF(P429,">0")+COUNTIF(S429,">0")+COUNTIF(V429,">0")+COUNTIF(Y429,">0")+COUNTIF(AB429,">0")+COUNTIF(AE429,">0")+COUNTIF(AH429,">0")+COUNTIF(AK429,">0")+COUNTIF(AN429,">0"))) -> 1.0037129
A430: апрель | B430: =SUMIFS($D$2:$D$366,$A$2:$A$366,">="&DATE(YEAR($A$2),ROW()-426,1),$A$2:$A$366,"<"&EOMONTH(DATE(YEAR($A$2),ROW()-426,1),0)+1) -> 0 | C430: =SUMIFS(OFFSET($D$2:$D$366,0,COLUMN()-2),$A$2:$A$366,">="&DATE(YEAR($A$2),ROW()-426,1),$A$2:$A$366,"<"&EOMONTH(DATE(YEAR($A$2),ROW()-426,1),0)+1) -> 0 | D430: =IFERROR(C430/B430,"") | E430: =SUMIFS(OFFSET($D$2:$D$366,0,COLUMN()-2),$A$2:$A$366,">="&DATE(YEAR($A$2),ROW()-426,1),$A$2:$A$366,"<"&EOMONTH(DATE(YEAR($A$2),ROW()-426,1),0)+1) -> 0 | F430: =SUMIFS(OFFSET($D$2:$D$366,0,COLUMN()-2),$A$2:$A$366,">="&DATE(YEAR($A$2),ROW()-426,1),$A$2:$A$366,"<"&EOMONTH(DATE(YEAR($A$2),ROW()-426,1),0)+1) -> 0 | G430: =IFERROR(F430/E430,"") | H430: =SUMIFS(OFFSET($D$2:$D$366,0,COLUMN()-2),$A$2:$A$366,">="&DATE(YEAR($A$2),ROW()-426,1),$A$2:$A$366,"<"&EOMONTH(DATE(YEAR($A$2),ROW()-426,1),0)+1) -> 0 | I430: =SUMIFS(OFFSET($D$2:$D$366,0,COLUMN()-2),$A$2:$A$366,">="&DATE(YEAR($A$2),ROW()-426,1),$A$2:$A$366,"<"&EOMONTH(DATE(YEAR($A$2),ROW()-426,1),0)+1) -> 0 | J430: =IFERROR(I430/H430,"") | K430: =SUMIFS(OFFSET($D$2:$D$366,0,COLUMN()-2),$A$2:$A$366,">="&DATE(YEAR($A$2),ROW()-426,1),$A$2:$A$366,"<"&EOMONTH(DATE(YEAR($A$2),ROW()-426,1),0)+1) -> 0 | L430: =SUMIFS(OFFSET($D$2:$D$366,0,COLUMN()-2),$A$2:$A$366,">="&DATE(YEAR($A$2),ROW()-426,1),$A$2:$A$366,"<"&EOMONTH(DATE(YEAR($A$2),ROW()-426,1),0)+1) -> 0 | M430: =IFERROR(L430/K430,"") | N430: =SUMIFS(OFFSET($D$2:$D$366,0,COLUMN()-2),$A$2:$A$366,">="&DATE(YEAR($A$2),ROW()-426,1),$A$2:$A$366,"<"&EOMONTH(DATE(YEAR($A$2),ROW()-426,1),0)+1) -> 0 | O430: =SUMIFS(OFFSET($D$2:$D$366,0,COLUMN()-2),$A$2:$A$366,">="&DATE(YEAR($A$2),ROW()-426,1),$A$2:$A$366,"<"&EOMONTH(DATE(YEAR($A$2),ROW()-426,1),0)+1) -> 0 | P430: =IFERROR(O430/N430,"") | Q430: =SUMIFS(OFFSET($D$2:$D$366,0,COLUMN()-2),$A$2:$A$366,">="&DATE(YEAR($A$2),ROW()-426,1),$A$2:$A$366,"<"&EOMONTH(DATE(YEAR($A$2),ROW()-426,1),0)+1) -> 0 | R430: =SUMIFS(OFFSET($D$2:$D$366,0,COLUMN()-2),$A$2:$A$366,">="&DATE(YEAR($A$2),ROW()-426,1),$A$2:$A$366,"<"&EOMONTH(DATE(YEAR($A$2),ROW()-426,1),0)+1) -> 0 | S430: =IFERROR(R430/Q430,"") | T430: =SUMIFS(OFFSET($D$2:$D$366,0,COLUMN()-2),$A$2:$A$366,">="&DATE(YEAR($A$2),ROW()-426,1),$A$2:$A$366,"<"&EOMONTH(DATE(YEAR($A$2),ROW()-426,1),0)+1) -> 0 | U430: =SUMIFS(OFFSET($D$2:$D$366,0,COLUMN()-2),$A$2:$A$366,">="&DATE(YEAR($A$2),ROW()-426,1),$A$2:$A$366,"<"&EOMONTH(DATE(YEAR($A$2),ROW()-426,1),0)+1) -> 0 | V430: =IFERROR(U430/T430,"") | W430: =SUMIFS(OFFSET($D$2:$D$366,0,COLUMN()-2),$A$2:$A$366,">="&DATE(YEAR($A$2),ROW()-426,1),$A$2:$A$366,"<"&EOMONTH(DATE(YEAR($A$2),ROW()-426,1),0)+1) -> 0 | X430: =SUMIFS(OFFSET($D$2:$D$366,0,COLUMN()-2),$A$2:$A$366,">="&DATE(YEAR($A$2),ROW()-426,1),$A$2:$A$366,"<"&EOMONTH(DATE(YEAR($A$2),ROW()-426,1),0)+1) -> 0 | Y430: =IFERROR(X430/W430,"") | Z430: =SUMIFS(OFFSET($D$2:$D$366,0,COLUMN()-2),$A$2:$A$366,">="&DATE(YEAR($A$2),ROW()-426,1),$A$2:$A$366,"<"&EOMONTH(DATE(YEAR($A$2),ROW()-426,1),0)+1) -> 0 | AA430: =SUMIFS(OFFSET($D$2:$D$366,0,COLUMN()-2),$A$2:$A$366,">="&DATE(YEAR($A$2),ROW()-426,1),$A$2:$A$366,"<"&EOMONTH(DATE(YEAR($A$2),ROW()-426,1),0)+1) -> 0 | AB430: =IFERROR(AA430/Z430,"") | AC430: =SUMIFS(OFFSET($D$2:$D$366,0,COLUMN()-2),$A$2:$A$366,">="&DATE(YEAR($A$2),ROW()-426,1),$A$2:$A$366,"<"&EOMONTH(DATE(YEAR($A$2),ROW()-426,1),0)+1) -> 0 | AD430: =SUMIFS(OFFSET($D$2:$D$366,0,COLUMN()-2),$A$2:$A$366,">="&DATE(YEAR($A$2),ROW()-426,1),$A$2:$A$366,"<"&EOMONTH(DATE(YEAR($A$2),ROW()-426,1),0)+1) -> 0 | AE430: =IFERROR(AD430/AC430,"") | AF430: =SUMIFS(OFFSET($D$2:$D$366,0,COLUMN()-2),$A$2:$A$366,">="&DATE(YEAR($A$2),ROW()-426,1),$A$2:$A$366,"<"&EOMONTH(DATE(YEAR($A$2),ROW()-426,1),0)+1) -> 0 | AG430: =SUMIFS(OFFSET($D$2:$D$366,0,COLUMN()-2),$A$2:$A$366,">="&DATE(YEAR($A$2),ROW()-426,1),$A$2:$A$366,"<"&EOMONTH(DATE(YEAR($A$2),ROW()-426,1),0)+1) -> 0 | AH430: =IFERROR(AG430/AF430,"") | AI430: =SUMIFS(OFFSET($D$2:$D$366,0,COLUMN()-2),$A$2:$A$366,">="&DATE(YEAR($A$2),ROW()-426,1),$A$2:$A$366,"<"&EOMONTH(DATE(YEAR($A$2),ROW()-426,1),0)+1) -> 0 | AJ430: =SUMIFS(OFFSET($D$2:$D$366,0,COLUMN()-2),$A$2:$A$366,">="&DATE(YEAR($A$2),ROW()-426,1),$A$2:$A$366,"<"&EOMONTH(DATE(YEAR($A$2),ROW()-426,1),0)+1) -> 0 | AK430: =IFERROR(AJ430/AI430,"") | AL430: =SUMIFS(OFFSET($D$2:$D$366,0,COLUMN()-2),$A$2:$A$366,">="&DATE(YEAR($A$2),ROW()-426,1),$A$2:$A$366,"<"&EOMONTH(DATE(YEAR($A$2),ROW()-426,1),0)+1) -> 0 | AM430: =SUMIFS(OFFSET($D$2:$D$366,0,COLUMN()-2),$A$2:$A$366,">="&DATE(YEAR($A$2),ROW()-426,1),$A$2:$A$366,"<"&EOMONTH(DATE(YEAR($A$2),ROW()-426,1),0)+1) -> 0 | AN430: =IFERROR(AM430/AL430,"") | AO430: =IF((COUNTIF(D430,">0")+COUNTIF(G430,">0")+COUNTIF(J430,">0")+COUNTIF(M430,">0")+COUNTIF(P430,">0")+COUNTIF(S430,">0")+COUNTIF(V430,">0")+COUNTIF(Y430,">0")+COUNTIF(AB430,">0")+COUNTIF(AE430,">0")+COUNTIF(AH430,">0")+COUNTIF(AK430,">0")+COUNTIF(AN430,">0"))=0,"",(SUMIF(D430,">0")+SUMIF(G430,">0")+SUMIF(J430,">0")+SUMIF(M430,">0")+SUMIF(P430,">0")+SUMIF(S430,">0")+SUMIF(V430,">0")+SUMIF(Y430,">0")+SUMIF(AB430,">0")+SUMIF(AE430,">0")+SUMIF(AH430,">0")+SUMIF(AK430,">0")+SUMIF(AN430,">0"))/(COUNTIF(D430,">0")+COUNTIF(G430,">0")+COUNTIF(J430,">0")+COUNTIF(M430,">0")+COUNTIF(P430,">0")+COUNTIF(S430,">0")+COUNTIF(V430,">0")+COUNTIF(Y430,">0")+COUNTIF(AB430,">0")+COUNTIF(AE430,">0")+COUNTIF(AH430,">0")+COUNTIF(AK430,">0")+COUNTIF(AN430,">0")))
A431: май | B431: =SUMIFS($D$2:$D$366,$A$2:$A$366,">="&DATE(YEAR($A$2),ROW()-426,1),$A$2:$A$366,"<"&EOMONTH(DATE(YEAR($A$2),ROW()-426,1),0)+1) -> 0 | C431: =SUMIFS(OFFSET($D$2:$D$366,0,COLUMN()-2),$A$2:$A$366,">="&DATE(YEAR($A$2),ROW()-426,1),$A$2:$A$366,"<"&EOMONTH(DATE(YEAR($A$2),ROW()-426,1),0)+1) -> 0 | D431: =IFERROR(C431/B431,"") | E431: =SUMIFS(OFFSET($D$2:$D$366,0,COLUMN()-2),$A$2:$A$366,">="&DATE(YEAR($A$2),ROW()-426,1),$A$2:$A$366,"<"&EOMONTH(DATE(YEAR($A$2),ROW()-426,1),0)+1) -> 0 | F431: =SUMIFS(OFFSET($D$2:$D$366,0,COLUMN()-2),$A$2:$A$366,">="&DATE(YEAR($A$2),ROW()-426,1),$A$2:$A$366,"<"&EOMONTH(DATE(YEAR($A$2),ROW()-426,1),0)+1) -> 0 | G431: =IFERROR(F431/E431,"") | H431: =SUMIFS(OFFSET($D$2:$D$366,0,COLUMN()-2),$A$2:$A$366,">="&DATE(YEAR($A$2),ROW()-426,1),$A$2:$A$366,"<"&EOMONTH(DATE(YEAR($A$2),ROW()-426,1),0)+1) -> 0 | I431: =SUMIFS(OFFSET($D$2:$D$366,0,COLUMN()-2),$A$2:$A$366,">="&DATE(YEAR($A$2),ROW()-426,1),$A$2:$A$366,"<"&EOMONTH(DATE(YEAR($A$2),ROW()-426,1),0)+1) -> 0 | J431: =IFERROR(I431/H431,"") | K431: =SUMIFS(OFFSET($D$2:$D$366,0,COLUMN()-2),$A$2:$A$366,">="&DATE(YEAR($A$2),ROW()-426,1),$A$2:$A$366,"<"&EOMONTH(DATE(YEAR($A$2),ROW()-426,1),0)+1) -> 0 | L431: =SUMIFS(OFFSET($D$2:$D$366,0,COLUMN()-2),$A$2:$A$366,">="&DATE(YEAR($A$2),ROW()-426,1),$A$2:$A$366,"<"&EOMONTH(DATE(YEAR($A$2),ROW()-426,1),0)+1) -> 0 | M431: =IFERROR(L431/K431,"") | N431: =SUMIFS(OFFSET($D$2:$D$366,0,COLUMN()-2),$A$2:$A$366,">="&DATE(YEAR($A$2),ROW()-426,1),$A$2:$A$366,"<"&EOMONTH(DATE(YEAR($A$2),ROW()-426,1),0)+1) -> 0 | O431: =SUMIFS(OFFSET($D$2:$D$366,0,COLUMN()-2),$A$2:$A$366,">="&DATE(YEAR($A$2),ROW()-426,1),$A$2:$A$366,"<"&EOMONTH(DATE(YEAR($A$2),ROW()-426,1),0)+1) -> 0 | P431: =IFERROR(O431/N431,"") | Q431: =SUMIFS(OFFSET($D$2:$D$366,0,COLUMN()-2),$A$2:$A$366,">="&DATE(YEAR($A$2),ROW()-426,1),$A$2:$A$366,"<"&EOMONTH(DATE(YEAR($A$2),ROW()-426,1),0)+1) -> 0 | R431: =SUMIFS(OFFSET($D$2:$D$366,0,COLUMN()-2),$A$2:$A$366,">="&DATE(YEAR($A$2),ROW()-426,1),$A$2:$A$366,"<"&EOMONTH(DATE(YEAR($A$2),ROW()-426,1),0)+1) -> 0 | S431: =IFERROR(R431/Q431,"") | T431: =SUMIFS(OFFSET($D$2:$D$366,0,COLUMN()-2),$A$2:$A$366,">="&DATE(YEAR($A$2),ROW()-426,1),$A$2:$A$366,"<"&EOMONTH(DATE(YEAR($A$2),ROW()-426,1),0)+1) -> 0 | U431: =SUMIFS(OFFSET($D$2:$D$366,0,COLUMN()-2),$A$2:$A$366,">="&DATE(YEAR($A$2),ROW()-426,1),$A$2:$A$366,"<"&EOMONTH(DATE(YEAR($A$2),ROW()-426,1),0)+1) -> 0 | V431: =IFERROR(U431/T431,"") | W431: =SUMIFS(OFFSET($D$2:$D$366,0,COLUMN()-2),$A$2:$A$366,">="&DATE(YEAR($A$2),ROW()-426,1),$A$2:$A$366,"<"&EOMONTH(DATE(YEAR($A$2),ROW()-426,1),0)+1) -> 0 | X431: =SUMIFS(OFFSET($D$2:$D$366,0,COLUMN()-2),$A$2:$A$366,">="&DATE(YEAR($A$2),ROW()-426,1),$A$2:$A$366,"<"&EOMONTH(DATE(YEAR($A$2),ROW()-426,1),0)+1) -> 0 | Y431: =IFERROR(X431/W431,"") | Z431: =SUMIFS(OFFSET($D$2:$D$366,0,COLUMN()-2),$A$2:$A$366,">="&DATE(YEAR($A$2),ROW()-426,1),$A$2:$A$366,"<"&EOMONTH(DATE(YEAR($A$2),ROW()-426,1),0)+1) -> 0 | AA431: =SUMIFS(OFFSET($D$2:$D$366,0,COLUMN()-2),$A$2:$A$366,">="&DATE(YEAR($A$2),ROW()-426,1),$A$2:$A$366,"<"&EOMONTH(DATE(YEAR($A$2),ROW()-426,1),0)+1) -> 0 | AB431: =IFERROR(AA431/Z431,"") | AC431: =SUMIFS(OFFSET($D$2:$D$366,0,COLUMN()-2),$A$2:$A$366,">="&DATE(YEAR($A$2),ROW()-426,1),$A$2:$A$366,"<"&EOMONTH(DATE(YEAR($A$2),ROW()-426,1),0)+1) -> 0 | AD431: =SUMIFS(OFFSET($D$2:$D$366,0,COLUMN()-2),$A$2:$A$366,">="&DATE(YEAR($A$2),ROW()-426,1),$A$2:$A$366,"<"&EOMONTH(DATE(YEAR($A$2),ROW()-426,1),0)+1) -> 0 | AE431: =IFERROR(AD431/AC431,"") | AF431: =SUMIFS(OFFSET($D$2:$D$366,0,COLUMN()-2),$A$2:$A$366,">="&DATE(YEAR($A$2),ROW()-426,1),$A$2:$A$366,"<"&EOMONTH(DATE(YEAR($A$2),ROW()-426,1),0)+1) -> 0 | AG431: =SUMIFS(OFFSET($D$2:$D$366,0,COLUMN()-2),$A$2:$A$366,">="&DATE(YEAR($A$2),ROW()-426,1),$A$2:$A$366,"<"&EOMONTH(DATE(YEAR($A$2),ROW()-426,1),0)+1) -> 0 | AH431: =IFERROR(AG431/AF431,"") | AI431: =SUMIFS(OFFSET($D$2:$D$366,0,COLUMN()-2),$A$2:$A$366,">="&DATE(YEAR($A$2),ROW()-426,1),$A$2:$A$366,"<"&EOMONTH(DATE(YEAR($A$2),ROW()-426,1),0)+1) -> 0 | AJ431: =SUMIFS(OFFSET($D$2:$D$366,0,COLUMN()-2),$A$2:$A$366,">="&DATE(YEAR($A$2),ROW()-426,1),$A$2:$A$366,"<"&EOMONTH(DATE(YEAR($A$2),ROW()-426,1),0)+1) -> 0 | AK431: =IFERROR(AJ431/AI431,"") | AL431: =SUMIFS(OFFSET($D$2:$D$366,0,COLUMN()-2),$A$2:$A$366,">="&DATE(YEAR($A$2),ROW()-426,1),$A$2:$A$366,"<"&EOMONTH(DATE(YEAR($A$2),ROW()-426,1),0)+1) -> 0 | AM431: =SUMIFS(OFFSET($D$2:$D$366,0,COLUMN()-2),$A$2:$A$366,">="&DATE(YEAR($A$2),ROW()-426,1),$A$2:$A$366,"<"&EOMONTH(DATE(YEAR($A$2),ROW()-426,1),0)+1) -> 0 | AN431: =IFERROR(AM431/AL431,"") | AO431: =IF((COUNTIF(D431,">0")+COUNTIF(G431,">0")+COUNTIF(J431,">0")+COUNTIF(M431,">0")+COUNTIF(P431,">0")+COUNTIF(S431,">0")+COUNTIF(V431,">0")+COUNTIF(Y431,">0")+COUNTIF(AB431,">0")+COUNTIF(AE431,">0")+COUNTIF(AH431,">0")+COUNTIF(AK431,">0")+COUNTIF(AN431,">0"))=0,"",(SUMIF(D431,">0")+SUMIF(G431,">0")+SUMIF(J431,">0")+SUMIF(M431,">0")+SUMIF(P431,">0")+SUMIF(S431,">0")+SUMIF(V431,">0")+SUMIF(Y431,">0")+SUMIF(AB431,">0")+SUMIF(AE431,">0")+SUMIF(AH431,">0")+SUMIF(AK431,">0")+SUMIF(AN431,">0"))/(COUNTIF(D431,">0")+COUNTIF(G431,">0")+COUNTIF(J431,">0")+COUNTIF(M431,">0")+COUNTIF(P431,">0")+COUNTIF(S431,">0")+COUNTIF(V431,">0")+COUNTIF(Y431,">0")+COUNTIF(AB431,">0")+COUNTIF(AE431,">0")+COUNTIF(AH431,">0")+COUNTIF(AK431,">0")+COUNTIF(AN431,">0")))
A432: июнь | B432: =SUMIFS($D$2:$D$366,$A$2:$A$366,">="&DATE(YEAR($A$2),ROW()-426,1),$A$2:$A$366,"<"&EOMONTH(DATE(YEAR($A$2),ROW()-426,1),0)+1) -> 0 | C432: =SUMIFS(OFFSET($D$2:$D$366,0,COLUMN()-2),$A$2:$A$366,">="&DATE(YEAR($A$2),ROW()-426,1),$A$2:$A$366,"<"&EOMONTH(DATE(YEAR($A$2),ROW()-426,1),0)+1) -> 0 | D432: =IFERROR(C432/B432,"") | E432: =SUMIFS(OFFSET($D$2:$D$366,0,COLUMN()-2),$A$2:$A$366,">="&DATE(YEAR($A$2),ROW()-426,1),$A$2:$A$366,"<"&EOMONTH(DATE(YEAR($A$2),ROW()-426,1),0)+1) -> 0 | F432: =SUMIFS(OFFSET($D$2:$D$366,0,COLUMN()-2),$A$2:$A$366,">="&DATE(YEAR($A$2),ROW()-426,1),$A$2:$A$366,"<"&EOMONTH(DATE(YEAR($A$2),ROW()-426,1),0)+1) -> 0 | G432: =IFERROR(F432/E432,"") | H432: =SUMIFS(OFFSET($D$2:$D$366,0,COLUMN()-2),$A$2:$A$366,">="&DATE(YEAR($A$2),ROW()-426,1),$A$2:$A$366,"<"&EOMONTH(DATE(YEAR($A$2),ROW()-426,1),0)+1) -> 0 | I432: =SUMIFS(OFFSET($D$2:$D$366,0,COLUMN()-2),$A$2:$A$366,">="&DATE(YEAR($A$2),ROW()-426,1),$A$2:$A$366,"<"&EOMONTH(DATE(YEAR($A$2),ROW()-426,1),0)+1) -> 0 | J432: =IFERROR(I432/H432,"") | K432: =SUMIFS(OFFSET($D$2:$D$366,0,COLUMN()-2),$A$2:$A$366,">="&DATE(YEAR($A$2),ROW()-426,1),$A$2:$A$366,"<"&EOMONTH(DATE(YEAR($A$2),ROW()-426,1),0)+1) -> 0 | L432: =SUMIFS(OFFSET($D$2:$D$366,0,COLUMN()-2),$A$2:$A$366,">="&DATE(YEAR($A$2),ROW()-426,1),$A$2:$A$366,"<"&EOMONTH(DATE(YEAR($A$2),ROW()-426,1),0)+1) -> 0 | M432: =IFERROR(L432/K432,"") | N432: =SUMIFS(OFFSET($D$2:$D$366,0,COLUMN()-2),$A$2:$A$366,">="&DATE(YEAR($A$2),ROW()-426,1),$A$2:$A$366,"<"&EOMONTH(DATE(YEAR($A$2),ROW()-426,1),0)+1) -> 0 | O432: =SUMIFS(OFFSET($D$2:$D$366,0,COLUMN()-2),$A$2:$A$366,">="&DATE(YEAR($A$2),ROW()-426,1),$A$2:$A$366,"<"&EOMONTH(DATE(YEAR($A$2),ROW()-426,1),0)+1) -> 0 | P432: =IFERROR(O432/N432,"") | Q432: =SUMIFS(OFFSET($D$2:$D$366,0,COLUMN()-2),$A$2:$A$366,">="&DATE(YEAR($A$2),ROW()-426,1),$A$2:$A$366,"<"&EOMONTH(DATE(YEAR($A$2),ROW()-426,1),0)+1) -> 0 | R432: =SUMIFS(OFFSET($D$2:$D$366,0,COLUMN()-2),$A$2:$A$366,">="&DATE(YEAR($A$2),ROW()-426,1),$A$2:$A$366,"<"&EOMONTH(DATE(YEAR($A$2),ROW()-426,1),0)+1) -> 0 | S432: =IFERROR(R432/Q432,"") | T432: =SUMIFS(OFFSET($D$2:$D$366,0,COLUMN()-2),$A$2:$A$366,">="&DATE(YEAR($A$2),ROW()-426,1),$A$2:$A$366,"<"&EOMONTH(DATE(YEAR($A$2),ROW()-426,1),0)+1) -> 0 | U432: =SUMIFS(OFFSET($D$2:$D$366,0,COLUMN()-2),$A$2:$A$366,">="&DATE(YEAR($A$2),ROW()-426,1),$A$2:$A$366,"<"&EOMONTH(DATE(YEAR($A$2),ROW()-426,1),0)+1) -> 0 | V432: =IFERROR(U432/T432,"") | W432: =SUMIFS(OFFSET($D$2:$D$366,0,COLUMN()-2),$A$2:$A$366,">="&DATE(YEAR($A$2),ROW()-426,1),$A$2:$A$366,"<"&EOMONTH(DATE(YEAR($A$2),ROW()-426,1),0)+1) -> 0 | X432: =SUMIFS(OFFSET($D$2:$D$366,0,COLUMN()-2),$A$2:$A$366,">="&DATE(YEAR($A$2),ROW()-426,1),$A$2:$A$366,"<"&EOMONTH(DATE(YEAR($A$2),ROW()-426,1),0)+1) -> 0 | Y432: =IFERROR(X432/W432,"") | Z432: =SUMIFS(OFFSET($D$2:$D$366,0,COLUMN()-2),$A$2:$A$366,">="&DATE(YEAR($A$2),ROW()-426,1),$A$2:$A$366,"<"&EOMONTH(DATE(YEAR($A$2),ROW()-426,1),0)+1) -> 0 | AA432: =SUMIFS(OFFSET($D$2:$D$366,0,COLUMN()-2),$A$2:$A$366,">="&DATE(YEAR($A$2),ROW()-426,1),$A$2:$A$366,"<"&EOMONTH(DATE(YEAR($A$2),ROW()-426,1),0)+1) -> 0 | AB432: =IFERROR(AA432/Z432,"") | AC432: =SUMIFS(OFFSET($D$2:$D$366,0,COLUMN()-2),$A$2:$A$366,">="&DATE(YEAR($A$2),ROW()-426,1),$A$2:$A$366,"<"&EOMONTH(DATE(YEAR($A$2),ROW()-426,1),0)+1) -> 0 | AD432: =SUMIFS(OFFSET($D$2:$D$366,0,COLUMN()-2),$A$2:$A$366,">="&DATE(YEAR($A$2),ROW()-426,1),$A$2:$A$366,"<"&EOMONTH(DATE(YEAR($A$2),ROW()-426,1),0)+1) -> 0 | AE432: =IFERROR(AD432/AC432,"") | AF432: =SUMIFS(OFFSET($D$2:$D$366,0,COLUMN()-2),$A$2:$A$366,">="&DATE(YEAR($A$2),ROW()-426,1),$A$2:$A$366,"<"&EOMONTH(DATE(YEAR($A$2),ROW()-426,1),0)+1) -> 0 | AG432: =SUMIFS(OFFSET($D$2:$D$366,0,COLUMN()-2),$A$2:$A$366,">="&DATE(YEAR($A$2),ROW()-426,1),$A$2:$A$366,"<"&EOMONTH(DATE(YEAR($A$2),ROW()-426,1),0)+1) -> 0 | AH432: =IFERROR(AG432/AF432,"") | AI432: =SUMIFS(OFFSET($D$2:$D$366,0,COLUMN()-2),$A$2:$A$366,">="&DATE(YEAR($A$2),ROW()-426,1),$A$2:$A$366,"<"&EOMONTH(DATE(YEAR($A$2),ROW()-426,1),0)+1) -> 0 | AJ432: =SUMIFS(OFFSET($D$2:$D$366,0,COLUMN()-2),$A$2:$A$366,">="&DATE(YEAR($A$2),ROW()-426,1),$A$2:$A$366,"<"&EOMONTH(DATE(YEAR($A$2),ROW()-426,1),0)+1) -> 0 | AK432: =IFERROR(AJ432/AI432,"") | AL432: =SUMIFS(OFFSET($D$2:$D$366,0,COLUMN()-2),$A$2:$A$366,">="&DATE(YEAR($A$2),ROW()-426,1),$A$2:$A$366,"<"&EOMONTH(DATE(YEAR($A$2),ROW()-426,1),0)+1) -> 0 | AM432: =SUMIFS(OFFSET($D$2:$D$366,0,COLUMN()-2),$A$2:$A$366,">="&DATE(YEAR($A$2),ROW()-426,1),$A$2:$A$366,"<"&EOMONTH(DATE(YEAR($A$2),ROW()-426,1),0)+1) -> 0 | AN432: =IFERROR(AM432/AL432,"") | AO432: =IF((COUNTIF(D432,">0")+COUNTIF(G432,">0")+COUNTIF(J432,">0")+COUNTIF(M432,">0")+COUNTIF(P432,">0")+COUNTIF(S432,">0")+COUNTIF(V432,">0")+COUNTIF(Y432,">0")+COUNTIF(AB432,">0")+COUNTIF(AE432,">0")+COUNTIF(AH432,">0")+COUNTIF(AK432,">0")+COUNTIF(AN432,">0"))=0,"",(SUMIF(D432,">0")+SUMIF(G432,">0")+SUMIF(J432,">0")+SUMIF(M432,">0")+SUMIF(P432,">0")+SUMIF(S432,">0")+SUMIF(V432,">0")+SUMIF(Y432,">0")+SUMIF(AB432,">0")+SUMIF(AE432,">0")+SUMIF(AH432,">0")+SUMIF(AK432,">0")+SUMIF(AN432,">0"))/(COUNTIF(D432,">0")+COUNTIF(G432,">0")+COUNTIF(J432,">0")+COUNTIF(M432,">0")+COUNTIF(P432,">0")+COUNTIF(S432,">0")+COUNTIF(V432,">0")+COUNTIF(Y432,">0")+COUNTIF(AB432,">0")+COUNTIF(AE432,">0")+COUNTIF(AH432,">0")+COUNTIF(AK432,">0")+COUNTIF(AN432,">0")))
A433: июль | B433: =SUMIFS($D$2:$D$366,$A$2:$A$366,">="&DATE(YEAR($A$2),ROW()-426,1),$A$2:$A$366,"<"&EOMONTH(DATE(YEAR($A$2),ROW()-426,1),0)+1) -> 0 | C433: =SUMIFS(OFFSET($D$2:$D$366,0,COLUMN()-2),$A$2:$A$366,">="&DATE(YEAR($A$2),ROW()-426,1),$A$2:$A$366,"<"&EOMONTH(DATE(YEAR($A$2),ROW()-426,1),0)+1) -> 0 | D433: =IFERROR(C433/B433,"") | E433: =SUMIFS(OFFSET($D$2:$D$366,0,COLUMN()-2),$A$2:$A$366,">="&DATE(YEAR($A$2),ROW()-426,1),$A$2:$A$366,"<"&EOMONTH(DATE(YEAR($A$2),ROW()-426,1),0)+1) -> 0 | F433: =SUMIFS(OFFSET($D$2:$D$366,0,COLUMN()-2),$A$2:$A$366,">="&DATE(YEAR($A$2),ROW()-426,1),$A$2:$A$366,"<"&EOMONTH(DATE(YEAR($A$2),ROW()-426,1),0)+1) -> 0 | G433: =IFERROR(F433/E433,"") | H433: =SUMIFS(OFFSET($D$2:$D$366,0,COLUMN()-2),$A$2:$A$366,">="&DATE(YEAR($A$2),ROW()-426,1),$A$2:$A$366,"<"&EOMONTH(DATE(YEAR($A$2),ROW()-426,1),0)+1) -> 0 | I433: =SUMIFS(OFFSET($D$2:$D$366,0,COLUMN()-2),$A$2:$A$366,">="&DATE(YEAR($A$2),ROW()-426,1),$A$2:$A$366,"<"&EOMONTH(DATE(YEAR($A$2),ROW()-426,1),0)+1) -> 0 | J433: =IFERROR(I433/H433,"") | K433: =SUMIFS(OFFSET($D$2:$D$366,0,COLUMN()-2),$A$2:$A$366,">="&DATE(YEAR($A$2),ROW()-426,1),$A$2:$A$366,"<"&EOMONTH(DATE(YEAR($A$2),ROW()-426,1),0)+1) -> 0 | L433: =SUMIFS(OFFSET($D$2:$D$366,0,COLUMN()-2),$A$2:$A$366,">="&DATE(YEAR($A$2),ROW()-426,1),$A$2:$A$366,"<"&EOMONTH(DATE(YEAR($A$2),ROW()-426,1),0)+1) -> 0 | M433: =IFERROR(L433/K433,"") | N433: =SUMIFS(OFFSET($D$2:$D$366,0,COLUMN()-2),$A$2:$A$366,">="&DATE(YEAR($A$2),ROW()-426,1),$A$2:$A$366,"<"&EOMONTH(DATE(YEAR($A$2),ROW()-426,1),0)+1) -> 0 | O433: =SUMIFS(OFFSET($D$2:$D$366,0,COLUMN()-2),$A$2:$A$366,">="&DATE(YEAR($A$2),ROW()-426,1),$A$2:$A$366,"<"&EOMONTH(DATE(YEAR($A$2),ROW()-426,1),0)+1) -> 0 | P433: =IFERROR(O433/N433,"") | Q433: =SUMIFS(OFFSET($D$2:$D$366,0,COLUMN()-2),$A$2:$A$366,">="&DATE(YEAR($A$2),ROW()-426,1),$A$2:$A$366,"<"&EOMONTH(DATE(YEAR($A$2),ROW()-426,1),0)+1) -> 0 | R433: =SUMIFS(OFFSET($D$2:$D$366,0,COLUMN()-2),$A$2:$A$366,">="&DATE(YEAR($A$2),ROW()-426,1),$A$2:$A$366,"<"&EOMONTH(DATE(YEAR($A$2),ROW()-426,1),0)+1) -> 0 | S433: =IFERROR(R433/Q433,"") | T433: =SUMIFS(OFFSET($D$2:$D$366,0,COLUMN()-2),$A$2:$A$366,">="&DATE(YEAR($A$2),ROW()-426,1),$A$2:$A$366,"<"&EOMONTH(DATE(YEAR($A$2),ROW()-426,1),0)+1) -> 0 | U433: =SUMIFS(OFFSET($D$2:$D$366,0,COLUMN()-2),$A$2:$A$366,">="&DATE(YEAR($A$2),ROW()-426,1),$A$2:$A$366,"<"&EOMONTH(DATE(YEAR($A$2),ROW()-426,1),0)+1) -> 0 | V433: =IFERROR(U433/T433,"") | W433: =SUMIFS(OFFSET($D$2:$D$366,0,COLUMN()-2),$A$2:$A$366,">="&DATE(YEAR($A$2),ROW()-426,1),$A$2:$A$366,"<"&EOMONTH(DATE(YEAR($A$2),ROW()-426,1),0)+1) -> 0 | X433: =SUMIFS(OFFSET($D$2:$D$366,0,COLUMN()-2),$A$2:$A$366,">="&DATE(YEAR($A$2),ROW()-426,1),$A$2:$A$366,"<"&EOMONTH(DATE(YEAR($A$2),ROW()-426,1),0)+1) -> 0 | Y433: =IFERROR(X433/W433,"") | Z433: =SUMIFS(OFFSET($D$2:$D$366,0,COLUMN()-2),$A$2:$A$366,">="&DATE(YEAR($A$2),ROW()-426,1),$A$2:$A$366,"<"&EOMONTH(DATE(YEAR($A$2),ROW()-426,1),0)+1) -> 0 | AA433: =SUMIFS(OFFSET($D$2:$D$366,0,COLUMN()-2),$A$2:$A$366,">="&DATE(YEAR($A$2),ROW()-426,1),$A$2:$A$366,"<"&EOMONTH(DATE(YEAR($A$2),ROW()-426,1),0)+1) -> 0 | AB433: =IFERROR(AA433/Z433,"") | AC433: =SUMIFS(OFFSET($D$2:$D$366,0,COLUMN()-2),$A$2:$A$366,">="&DATE(YEAR($A$2),ROW()-426,1),$A$2:$A$366,"<"&EOMONTH(DATE(YEAR($A$2),ROW()-426,1),0)+1) -> 0 | AD433: =SUMIFS(OFFSET($D$2:$D$366,0,COLUMN()-2),$A$2:$A$366,">="&DATE(YEAR($A$2),ROW()-426,1),$A$2:$A$366,"<"&EOMONTH(DATE(YEAR($A$2),ROW()-426,1),0)+1) -> 0 | AE433: =IFERROR(AD433/AC433,"") | AF433: =SUMIFS(OFFSET($D$2:$D$366,0,COLUMN()-2),$A$2:$A$366,">="&DATE(YEAR($A$2),ROW()-426,1),$A$2:$A$366,"<"&EOMONTH(DATE(YEAR($A$2),ROW()-426,1),0)+1) -> 0 | AG433: =SUMIFS(OFFSET($D$2:$D$366,0,COLUMN()-2),$A$2:$A$366,">="&DATE(YEAR($A$2),ROW()-426,1),$A$2:$A$366,"<"&EOMONTH(DATE(YEAR($A$2),ROW()-426,1),0)+1) -> 0 | AH433: =IFERROR(AG433/AF433,"") | AI433: =SUMIFS(OFFSET($D$2:$D$366,0,COLUMN()-2),$A$2:$A$366,">="&DATE(YEAR($A$2),ROW()-426,1),$A$2:$A$366,"<"&EOMONTH(DATE(YEAR($A$2),ROW()-426,1),0)+1) -> 0 | AJ433: =SUMIFS(OFFSET($D$2:$D$366,0,COLUMN()-2),$A$2:$A$366,">="&DATE(YEAR($A$2),ROW()-426,1),$A$2:$A$366,"<"&EOMONTH(DATE(YEAR($A$2),ROW()-426,1),0)+1) -> 0 | AK433: =IFERROR(AJ433/AI433,"") | AL433: =SUMIFS(OFFSET($D$2:$D$366,0,COLUMN()-2),$A$2:$A$366,">="&DATE(YEAR($A$2),ROW()-426,1),$A$2:$A$366,"<"&EOMONTH(DATE(YEAR($A$2),ROW()-426,1),0)+1) -> 0 | AM433: =SUMIFS(OFFSET($D$2:$D$366,0,COLUMN()-2),$A$2:$A$366,">="&DATE(YEAR($A$2),ROW()-426,1),$A$2:$A$366,"<"&EOMONTH(DATE(YEAR($A$2),ROW()-426,1),0)+1) -> 0 | AN433: =IFERROR(AM433/AL433,"") | AO433: =IF((COUNTIF(D433,">0")+COUNTIF(G433,">0")+COUNTIF(J433,">0")+COUNTIF(M433,">0")+COUNTIF(P433,">0")+COUNTIF(S433,">0")+COUNTIF(V433,">0")+COUNTIF(Y433,">0")+COUNTIF(AB433,">0")+COUNTIF(AE433,">0")+COUNTIF(AH433,">0")+COUNTIF(AK433,">0")+COUNTIF(AN433,">0"))=0,"",(SUMIF(D433,">0")+SUMIF(G433,">0")+SUMIF(J433,">0")+SUMIF(M433,">0")+SUMIF(P433,">0")+SUMIF(S433,">0")+SUMIF(V433,">0")+SUMIF(Y433,">0")+SUMIF(AB433,">0")+SUMIF(AE433,">0")+SUMIF(AH433,">0")+SUMIF(AK433,">0")+SUMIF(AN433,">0"))/(COUNTIF(D433,">0")+COUNTIF(G433,">0")+COUNTIF(J433,">0")+COUNTIF(M433,">0")+COUNTIF(P433,">0")+COUNTIF(S433,">0")+COUNTIF(V433,">0")+COUNTIF(Y433,">0")+COUNTIF(AB433,">0")+COUNTIF(AE433,">0")+COUNTIF(AH433,">0")+COUNTIF(AK433,">0")+COUNTIF(AN433,">0")))
A434: август | B434: =SUMIFS($D$2:$D$366,$A$2:$A$366,">="&DATE(YEAR($A$2),ROW()-426,1),$A$2:$A$366,"<"&EOMONTH(DATE(YEAR($A$2),ROW()-426,1),0)+1) -> 0 | C434: =SUMIFS(OFFSET($D$2:$D$366,0,COLUMN()-2),$A$2:$A$366,">="&DATE(YEAR($A$2),ROW()-426,1),$A$2:$A$366,"<"&EOMONTH(DATE(YEAR($A$2),ROW()-426,1),0)+1) -> 0 | D434: =IFERROR(C434/B434,"") | E434: =SUMIFS(OFFSET($D$2:$D$366,0,COLUMN()-2),$A$2:$A$366,">="&DATE(YEAR($A$2),ROW()-426,1),$A$2:$A$366,"<"&EOMONTH(DATE(YEAR($A$2),ROW()-426,1),0)+1) -> 0 | F434: =SUMIFS(OFFSET($D$2:$D$366,0,COLUMN()-2),$A$2:$A$366,">="&DATE(YEAR($A$2),ROW()-426,1),$A$2:$A$366,"<"&EOMONTH(DATE(YEAR($A$2),ROW()-426,1),0)+1) -> 0 | G434: =IFERROR(F434/E434,"") | H434: =SUMIFS(OFFSET($D$2:$D$366,0,COLUMN()-2),$A$2:$A$366,">="&DATE(YEAR($A$2),ROW()-426,1),$A$2:$A$366,"<"&EOMONTH(DATE(YEAR($A$2),ROW()-426,1),0)+1) -> 0 | I434: =SUMIFS(OFFSET($D$2:$D$366,0,COLUMN()-2),$A$2:$A$366,">="&DATE(YEAR($A$2),ROW()-426,1),$A$2:$A$366,"<"&EOMONTH(DATE(YEAR($A$2),ROW()-426,1),0)+1) -> 0 | J434: =IFERROR(I434/H434,"") | K434: =SUMIFS(OFFSET($D$2:$D$366,0,COLUMN()-2),$A$2:$A$366,">="&DATE(YEAR($A$2),ROW()-426,1),$A$2:$A$366,"<"&EOMONTH(DATE(YEAR($A$2),ROW()-426,1),0)+1) -> 0 | L434: =SUMIFS(OFFSET($D$2:$D$366,0,COLUMN()-2),$A$2:$A$366,">="&DATE(YEAR($A$2),ROW()-426,1),$A$2:$A$366,"<"&EOMONTH(DATE(YEAR($A$2),ROW()-426,1),0)+1) -> 0 | M434: =IFERROR(L434/K434,"") | N434: =SUMIFS(OFFSET($D$2:$D$366,0,COLUMN()-2),$A$2:$A$366,">="&DATE(YEAR($A$2),ROW()-426,1),$A$2:$A$366,"<"&EOMONTH(DATE(YEAR($A$2),ROW()-426,1),0)+1) -> 0 | O434: =SUMIFS(OFFSET($D$2:$D$366,0,COLUMN()-2),$A$2:$A$366,">="&DATE(YEAR($A$2),ROW()-426,1),$A$2:$A$366,"<"&EOMONTH(DATE(YEAR($A$2),ROW()-426,1),0)+1) -> 0 | P434: =IFERROR(O434/N434,"") | Q434: =SUMIFS(OFFSET($D$2:$D$366,0,COLUMN()-2),$A$2:$A$366,">="&DATE(YEAR($A$2),ROW()-426,1),$A$2:$A$366,"<"&EOMONTH(DATE(YEAR($A$2),ROW()-426,1),0)+1) -> 0 | R434: =SUMIFS(OFFSET($D$2:$D$366,0,COLUMN()-2),$A$2:$A$366,">="&DATE(YEAR($A$2),ROW()-426,1),$A$2:$A$366,"<"&EOMONTH(DATE(YEAR($A$2),ROW()-426,1),0)+1) -> 0 | S434: =IFERROR(R434/Q434,"") | T434: =SUMIFS(OFFSET($D$2:$D$366,0,COLUMN()-2),$A$2:$A$366,">="&DATE(YEAR($A$2),ROW()-426,1),$A$2:$A$366,"<"&EOMONTH(DATE(YEAR($A$2),ROW()-426,1),0)+1) -> 0 | U434: =SUMIFS(OFFSET($D$2:$D$366,0,COLUMN()-2),$A$2:$A$366,">="&DATE(YEAR($A$2),ROW()-426,1),$A$2:$A$366,"<"&EOMONTH(DATE(YEAR($A$2),ROW()-426,1),0)+1) -> 0 | V434: =IFERROR(U434/T434,"") | W434: =SUMIFS(OFFSET($D$2:$D$366,0,COLUMN()-2),$A$2:$A$366,">="&DATE(YEAR($A$2),ROW()-426,1),$A$2:$A$366,"<"&EOMONTH(DATE(YEAR($A$2),ROW()-426,1),0)+1) -> 0 | X434: =SUMIFS(OFFSET($D$2:$D$366,0,COLUMN()-2),$A$2:$A$366,">="&DATE(YEAR($A$2),ROW()-426,1),$A$2:$A$366,"<"&EOMONTH(DATE(YEAR($A$2),ROW()-426,1),0)+1) -> 0 | Y434: =IFERROR(X434/W434,"") | Z434: =SUMIFS(OFFSET($D$2:$D$366,0,COLUMN()-2),$A$2:$A$366,">="&DATE(YEAR($A$2),ROW()-426,1),$A$2:$A$366,"<"&EOMONTH(DATE(YEAR($A$2),ROW()-426,1),0)+1) -> 0 | AA434: =SUMIFS(OFFSET($D$2:$D$366,0,COLUMN()-2),$A$2:$A$366,">="&DATE(YEAR($A$2),ROW()-426,1),$A$2:$A$366,"<"&EOMONTH(DATE(YEAR($A$2),ROW()-426,1),0)+1) -> 0 | AB434: =IFERROR(AA434/Z434,"") | AC434: =SUMIFS(OFFSET($D$2:$D$366,0,COLUMN()-2),$A$2:$A$366,">="&DATE(YEAR($A$2),ROW()-426,1),$A$2:$A$366,"<"&EOMONTH(DATE(YEAR($A$2),ROW()-426,1),0)+1) -> 0 | AD434: =SUMIFS(OFFSET($D$2:$D$366,0,COLUMN()-2),$A$2:$A$366,">="&DATE(YEAR($A$2),ROW()-426,1),$A$2:$A$366,"<"&EOMONTH(DATE(YEAR($A$2),ROW()-426,1),0)+1) -> 0 | AE434: =IFERROR(AD434/AC434,"") | AF434: =SUMIFS(OFFSET($D$2:$D$366,0,COLUMN()-2),$A$2:$A$366,">="&DATE(YEAR($A$2),ROW()-426,1),$A$2:$A$366,"<"&EOMONTH(DATE(YEAR($A$2),ROW()-426,1),0)+1) -> 0 | AG434: =SUMIFS(OFFSET($D$2:$D$366,0,COLUMN()-2),$A$2:$A$366,">="&DATE(YEAR($A$2),ROW()-426,1),$A$2:$A$366,"<"&EOMONTH(DATE(YEAR($A$2),ROW()-426,1),0)+1) -> 0 | AH434: =IFERROR(AG434/AF434,"") | AI434: =SUMIFS(OFFSET($D$2:$D$366,0,COLUMN()-2),$A$2:$A$366,">="&DATE(YEAR($A$2),ROW()-426,1),$A$2:$A$366,"<"&EOMONTH(DATE(YEAR($A$2),ROW()-426,1),0)+1) -> 0 | AJ434: =SUMIFS(OFFSET($D$2:$D$366,0,COLUMN()-2),$A$2:$A$366,">="&DATE(YEAR($A$2),ROW()-426,1),$A$2:$A$366,"<"&EOMONTH(DATE(YEAR($A$2),ROW()-426,1),0)+1) -> 0 | AK434: =IFERROR(AJ434/AI434,"") | AL434: =SUMIFS(OFFSET($D$2:$D$366,0,COLUMN()-2),$A$2:$A$366,">="&DATE(YEAR($A$2),ROW()-426,1),$A$2:$A$366,"<"&EOMONTH(DATE(YEAR($A$2),ROW()-426,1),0)+1) -> 0 | AM434: =SUMIFS(OFFSET($D$2:$D$366,0,COLUMN()-2),$A$2:$A$366,">="&DATE(YEAR($A$2),ROW()-426,1),$A$2:$A$366,"<"&EOMONTH(DATE(YEAR($A$2),ROW()-426,1),0)+1) -> 0 | AN434: =IFERROR(AM434/AL434,"") | AO434: =IF((COUNTIF(D434,">0")+COUNTIF(G434,">0")+COUNTIF(J434,">0")+COUNTIF(M434,">0")+COUNTIF(P434,">0")+COUNTIF(S434,">0")+COUNTIF(V434,">0")+COUNTIF(Y434,">0")+COUNTIF(AB434,">0")+COUNTIF(AE434,">0")+COUNTIF(AH434,">0")+COUNTIF(AK434,">0")+COUNTIF(AN434,">0"))=0,"",(SUMIF(D434,">0")+SUMIF(G434,">0")+SUMIF(J434,">0")+SUMIF(M434,">0")+SUMIF(P434,">0")+SUMIF(S434,">0")+SUMIF(V434,">0")+SUMIF(Y434,">0")+SUMIF(AB434,">0")+SUMIF(AE434,">0")+SUMIF(AH434,">0")+SUMIF(AK434,">0")+SUMIF(AN434,">0"))/(COUNTIF(D434,">0")+COUNTIF(G434,">0")+COUNTIF(J434,">0")+COUNTIF(M434,">0")+COUNTIF(P434,">0")+COUNTIF(S434,">0")+COUNTIF(V434,">0")+COUNTIF(Y434,">0")+COUNTIF(AB434,">0")+COUNTIF(AE434,">0")+COUNTIF(AH434,">0")+COUNTIF(AK434,">0")+COUNTIF(AN434,">0")))
A435: сентябрь | B435: =SUMIFS($D$2:$D$366,$A$2:$A$366,">="&DATE(YEAR($A$2),ROW()-426,1),$A$2:$A$366,"<"&EOMONTH(DATE(YEAR($A$2),ROW()-426,1),0)+1) -> 0 | C435: =SUMIFS(OFFSET($D$2:$D$366,0,COLUMN()-2),$A$2:$A$366,">="&DATE(YEAR($A$2),ROW()-426,1),$A$2:$A$366,"<"&EOMONTH(DATE(YEAR($A$2),ROW()-426,1),0)+1) -> 0 | D435: =IFERROR(C435/B435,"") | E435: =SUMIFS(OFFSET($D$2:$D$366,0,COLUMN()-2),$A$2:$A$366,">="&DATE(YEAR($A$2),ROW()-426,1),$A$2:$A$366,"<"&EOMONTH(DATE(YEAR($A$2),ROW()-426,1),0)+1) -> 0 | F435: =SUMIFS(OFFSET($D$2:$D$366,0,COLUMN()-2),$A$2:$A$366,">="&DATE(YEAR($A$2),ROW()-426,1),$A$2:$A$366,"<"&EOMONTH(DATE(YEAR($A$2),ROW()-426,1),0)+1) -> 0 | G435: =IFERROR(F435/E435,"") | H435: =SUMIFS(OFFSET($D$2:$D$366,0,COLUMN()-2),$A$2:$A$366,">="&DATE(YEAR($A$2),ROW()-426,1),$A$2:$A$366,"<"&EOMONTH(DATE(YEAR($A$2),ROW()-426,1),0)+1) -> 0 | I435: =SUMIFS(OFFSET($D$2:$D$366,0,COLUMN()-2),$A$2:$A$366,">="&DATE(YEAR($A$2),ROW()-426,1),$A$2:$A$366,"<"&EOMONTH(DATE(YEAR($A$2),ROW()-426,1),0)+1) -> 0 | J435: =IFERROR(I435/H435,"") | K435: =SUMIFS(OFFSET($D$2:$D$366,0,COLUMN()-2),$A$2:$A$366,">="&DATE(YEAR($A$2),ROW()-426,1),$A$2:$A$366,"<"&EOMONTH(DATE(YEAR($A$2),ROW()-426,1),0)+1) -> 0 | L435: =SUMIFS(OFFSET($D$2:$D$366,0,COLUMN()-2),$A$2:$A$366,">="&DATE(YEAR($A$2),ROW()-426,1),$A$2:$A$366,"<"&EOMONTH(DATE(YEAR($A$2),ROW()-426,1),0)+1) -> 0 | M435: =IFERROR(L435/K435,"") | N435: =SUMIFS(OFFSET($D$2:$D$366,0,COLUMN()-2),$A$2:$A$366,">="&DATE(YEAR($A$2),ROW()-426,1),$A$2:$A$366,"<"&EOMONTH(DATE(YEAR($A$2),ROW()-426,1),0)+1) -> 0 | O435: =SUMIFS(OFFSET($D$2:$D$366,0,COLUMN()-2),$A$2:$A$366,">="&DATE(YEAR($A$2),ROW()-426,1),$A$2:$A$366,"<"&EOMONTH(DATE(YEAR($A$2),ROW()-426,1),0)+1) -> 0 | P435: =IFERROR(O435/N435,"") | Q435: =SUMIFS(OFFSET($D$2:$D$366,0,COLUMN()-2),$A$2:$A$366,">="&DATE(YEAR($A$2),ROW()-426,1),$A$2:$A$366,"<"&EOMONTH(DATE(YEAR($A$2),ROW()-426,1),0)+1) -> 0 | R435: =SUMIFS(OFFSET($D$2:$D$366,0,COLUMN()-2),$A$2:$A$366,">="&DATE(YEAR($A$2),ROW()-426,1),$A$2:$A$366,"<"&EOMONTH(DATE(YEAR($A$2),ROW()-426,1),0)+1) -> 0 | S435: =IFERROR(R435/Q435,"") | T435: =SUMIFS(OFFSET($D$2:$D$366,0,COLUMN()-2),$A$2:$A$366,">="&DATE(YEAR($A$2),ROW()-426,1),$A$2:$A$366,"<"&EOMONTH(DATE(YEAR($A$2),ROW()-426,1),0)+1) -> 0 | U435: =SUMIFS(OFFSET($D$2:$D$366,0,COLUMN()-2),$A$2:$A$366,">="&DATE(YEAR($A$2),ROW()-426,1),$A$2:$A$366,"<"&EOMONTH(DATE(YEAR($A$2),ROW()-426,1),0)+1) -> 0 | V435: =IFERROR(U435/T435,"") | W435: =SUMIFS(OFFSET($D$2:$D$366,0,COLUMN()-2),$A$2:$A$366,">="&DATE(YEAR($A$2),ROW()-426,1),$A$2:$A$366,"<"&EOMONTH(DATE(YEAR($A$2),ROW()-426,1),0)+1) -> 0 | X435: =SUMIFS(OFFSET($D$2:$D$366,0,COLUMN()-2),$A$2:$A$366,">="&DATE(YEAR($A$2),ROW()-426,1),$A$2:$A$366,"<"&EOMONTH(DATE(YEAR($A$2),ROW()-426,1),0)+1) -> 0 | Y435: =IFERROR(X435/W435,"") | Z435: =SUMIFS(OFFSET($D$2:$D$366,0,COLUMN()-2),$A$2:$A$366,">="&DATE(YEAR($A$2),ROW()-426,1),$A$2:$A$366,"<"&EOMONTH(DATE(YEAR($A$2),ROW()-426,1),0)+1) -> 0 | AA435: =SUMIFS(OFFSET($D$2:$D$366,0,COLUMN()-2),$A$2:$A$366,">="&DATE(YEAR($A$2),ROW()-426,1),$A$2:$A$366,"<"&EOMONTH(DATE(YEAR($A$2),ROW()-426,1),0)+1) -> 0 | AB435: =IFERROR(AA435/Z435,"") | AC435: =SUMIFS(OFFSET($D$2:$D$366,0,COLUMN()-2),$A$2:$A$366,">="&DATE(YEAR($A$2),ROW()-426,1),$A$2:$A$366,"<"&EOMONTH(DATE(YEAR($A$2),ROW()-426,1),0)+1) -> 0 | AD435: =SUMIFS(OFFSET($D$2:$D$366,0,COLUMN()-2),$A$2:$A$366,">="&DATE(YEAR($A$2),ROW()-426,1),$A$2:$A$366,"<"&EOMONTH(DATE(YEAR($A$2),ROW()-426,1),0)+1) -> 0 | AE435: =IFERROR(AD435/AC435,"") | AF435: =SUMIFS(OFFSET($D$2:$D$366,0,COLUMN()-2),$A$2:$A$366,">="&DATE(YEAR($A$2),ROW()-426,1),$A$2:$A$366,"<"&EOMONTH(DATE(YEAR($A$2),ROW()-426,1),0)+1) -> 0 | AG435: =SUMIFS(OFFSET($D$2:$D$366,0,COLUMN()-2),$A$2:$A$366,">="&DATE(YEAR($A$2),ROW()-426,1),$A$2:$A$366,"<"&EOMONTH(DATE(YEAR($A$2),ROW()-426,1),0)+1) -> 0 | AH435: =IFERROR(AG435/AF435,"") | AI435: =SUMIFS(OFFSET($D$2:$D$366,0,COLUMN()-2),$A$2:$A$366,">="&DATE(YEAR($A$2),ROW()-426,1),$A$2:$A$366,"<"&EOMONTH(DATE(YEAR($A$2),ROW()-426,1),0)+1) -> 0 | AJ435: =SUMIFS(OFFSET($D$2:$D$366,0,COLUMN()-2),$A$2:$A$366,">="&DATE(YEAR($A$2),ROW()-426,1),$A$2:$A$366,"<"&EOMONTH(DATE(YEAR($A$2),ROW()-426,1),0)+1) -> 0 | AK435: =IFERROR(AJ435/AI435,"") | AL435: =SUMIFS(OFFSET($D$2:$D$366,0,COLUMN()-2),$A$2:$A$366,">="&DATE(YEAR($A$2),ROW()-426,1),$A$2:$A$366,"<"&EOMONTH(DATE(YEAR($A$2),ROW()-426,1),0)+1) -> 0 | AM435: =SUMIFS(OFFSET($D$2:$D$366,0,COLUMN()-2),$A$2:$A$366,">="&DATE(YEAR($A$2),ROW()-426,1),$A$2:$A$366,"<"&EOMONTH(DATE(YEAR($A$2),ROW()-426,1),0)+1) -> 0 | AN435: =IFERROR(AM435/AL435,"") | AO435: =IF((COUNTIF(D435,">0")+COUNTIF(G435,">0")+COUNTIF(J435,">0")+COUNTIF(M435,">0")+COUNTIF(P435,">0")+COUNTIF(S435,">0")+COUNTIF(V435,">0")+COUNTIF(Y435,">0")+COUNTIF(AB435,">0")+COUNTIF(AE435,">0")+COUNTIF(AH435,">0")+COUNTIF(AK435,">0")+COUNTIF(AN435,">0"))=0,"",(SUMIF(D435,">0")+SUMIF(G435,">0")+SUMIF(J435,">0")+SUMIF(M435,">0")+SUMIF(P435,">0")+SUMIF(S435,">0")+SUMIF(V435,">0")+SUMIF(Y435,">0")+SUMIF(AB435,">0")+SUMIF(AE435,">0")+SUMIF(AH435,">0")+SUMIF(AK435,">0")+SUMIF(AN435,">0"))/(COUNTIF(D435,">0")+COUNTIF(G435,">0")+COUNTIF(J435,">0")+COUNTIF(M435,">0")+COUNTIF(P435,">0")+COUNTIF(S435,">0")+COUNTIF(V435,">0")+COUNTIF(Y435,">0")+COUNTIF(AB435,">0")+COUNTIF(AE435,">0")+COUNTIF(AH435,">0")+COUNTIF(AK435,">0")+COUNTIF(AN435,">0")))
A436: октябрь | B436: =SUMIFS($D$2:$D$366,$A$2:$A$366,">="&DATE(YEAR($A$2),ROW()-426,1),$A$2:$A$366,"<"&EOMONTH(DATE(YEAR($A$2),ROW()-426,1),0)+1) -> 0 | C436: =SUMIFS(OFFSET($D$2:$D$366,0,COLUMN()-2),$A$2:$A$366,">="&DATE(YEAR($A$2),ROW()-426,1),$A$2:$A$366,"<"&EOMONTH(DATE(YEAR($A$2),ROW()-426,1),0)+1) -> 0 | D436: =IFERROR(C436/B436,"") | E436: =SUMIFS(OFFSET($D$2:$D$366,0,COLUMN()-2),$A$2:$A$366,">="&DATE(YEAR($A$2),ROW()-426,1),$A$2:$A$366,"<"&EOMONTH(DATE(YEAR($A$2),ROW()-426,1),0)+1) -> 0 | F436: =SUMIFS(OFFSET($D$2:$D$366,0,COLUMN()-2),$A$2:$A$366,">="&DATE(YEAR($A$2),ROW()-426,1),$A$2:$A$366,"<"&EOMONTH(DATE(YEAR($A$2),ROW()-426,1),0)+1) -> 0 | G436: =IFERROR(F436/E436,"") | H436: =SUMIFS(OFFSET($D$2:$D$366,0,COLUMN()-2),$A$2:$A$366,">="&DATE(YEAR($A$2),ROW()-426,1),$A$2:$A$366,"<"&EOMONTH(DATE(YEAR($A$2),ROW()-426,1),0)+1) -> 0 | I436: =SUMIFS(OFFSET($D$2:$D$366,0,COLUMN()-2),$A$2:$A$366,">="&DATE(YEAR($A$2),ROW()-426,1),$A$2:$A$366,"<"&EOMONTH(DATE(YEAR($A$2),ROW()-426,1),0)+1) -> 0 | J436: =IFERROR(I436/H436,"") | K436: =SUMIFS(OFFSET($D$2:$D$366,0,COLUMN()-2),$A$2:$A$366,">="&DATE(YEAR($A$2),ROW()-426,1),$A$2:$A$366,"<"&EOMONTH(DATE(YEAR($A$2),ROW()-426,1),0)+1) -> 0 | L436: =SUMIFS(OFFSET($D$2:$D$366,0,COLUMN()-2),$A$2:$A$366,">="&DATE(YEAR($A$2),ROW()-426,1),$A$2:$A$366,"<"&EOMONTH(DATE(YEAR($A$2),ROW()-426,1),0)+1) -> 0 | M436: =IFERROR(L436/K436,"") | N436: =SUMIFS(OFFSET($D$2:$D$366,0,COLUMN()-2),$A$2:$A$366,">="&DATE(YEAR($A$2),ROW()-426,1),$A$2:$A$366,"<"&EOMONTH(DATE(YEAR($A$2),ROW()-426,1),0)+1) -> 0 | O436: =SUMIFS(OFFSET($D$2:$D$366,0,COLUMN()-2),$A$2:$A$366,">="&DATE(YEAR($A$2),ROW()-426,1),$A$2:$A$366,"<"&EOMONTH(DATE(YEAR($A$2),ROW()-426,1),0)+1) -> 0 | P436: =IFERROR(O436/N436,"") | Q436: =SUMIFS(OFFSET($D$2:$D$366,0,COLUMN()-2),$A$2:$A$366,">="&DATE(YEAR($A$2),ROW()-426,1),$A$2:$A$366,"<"&EOMONTH(DATE(YEAR($A$2),ROW()-426,1),0)+1) -> 0 | R436: =SUMIFS(OFFSET($D$2:$D$366,0,COLUMN()-2),$A$2:$A$366,">="&DATE(YEAR($A$2),ROW()-426,1),$A$2:$A$366,"<"&EOMONTH(DATE(YEAR($A$2),ROW()-426,1),0)+1) -> 0 | S436: =IFERROR(R436/Q436,"") | T436: =SUMIFS(OFFSET($D$2:$D$366,0,COLUMN()-2),$A$2:$A$366,">="&DATE(YEAR($A$2),ROW()-426,1),$A$2:$A$366,"<"&EOMONTH(DATE(YEAR($A$2),ROW()-426,1),0)+1) -> 0 | U436: =SUMIFS(OFFSET($D$2:$D$366,0,COLUMN()-2),$A$2:$A$366,">="&DATE(YEAR($A$2),ROW()-426,1),$A$2:$A$366,"<"&EOMONTH(DATE(YEAR($A$2),ROW()-426,1),0)+1) -> 0 | V436: =IFERROR(U436/T436,"") | W436: =SUMIFS(OFFSET($D$2:$D$366,0,COLUMN()-2),$A$2:$A$366,">="&DATE(YEAR($A$2),ROW()-426,1),$A$2:$A$366,"<"&EOMONTH(DATE(YEAR($A$2),ROW()-426,1),0)+1) -> 0 | X436: =SUMIFS(OFFSET($D$2:$D$366,0,COLUMN()-2),$A$2:$A$366,">="&DATE(YEAR($A$2),ROW()-426,1),$A$2:$A$366,"<"&EOMONTH(DATE(YEAR($A$2),ROW()-426,1),0)+1) -> 0 | Y436: =IFERROR(X436/W436,"") | Z436: =SUMIFS(OFFSET($D$2:$D$366,0,COLUMN()-2),$A$2:$A$366,">="&DATE(YEAR($A$2),ROW()-426,1),$A$2:$A$366,"<"&EOMONTH(DATE(YEAR($A$2),ROW()-426,1),0)+1) -> 0 | AA436: =SUMIFS(OFFSET($D$2:$D$366,0,COLUMN()-2),$A$2:$A$366,">="&DATE(YEAR($A$2),ROW()-426,1),$A$2:$A$366,"<"&EOMONTH(DATE(YEAR($A$2),ROW()-426,1),0)+1) -> 0 | AB436: =IFERROR(AA436/Z436,"") | AC436: =SUMIFS(OFFSET($D$2:$D$366,0,COLUMN()-2),$A$2:$A$366,">="&DATE(YEAR($A$2),ROW()-426,1),$A$2:$A$366,"<"&EOMONTH(DATE(YEAR($A$2),ROW()-426,1),0)+1) -> 0 | AD436: =SUMIFS(OFFSET($D$2:$D$366,0,COLUMN()-2),$A$2:$A$366,">="&DATE(YEAR($A$2),ROW()-426,1),$A$2:$A$366,"<"&EOMONTH(DATE(YEAR($A$2),ROW()-426,1),0)+1) -> 0 | AE436: =IFERROR(AD436/AC436,"") | AF436: =SUMIFS(OFFSET($D$2:$D$366,0,COLUMN()-2),$A$2:$A$366,">="&DATE(YEAR($A$2),ROW()-426,1),$A$2:$A$366,"<"&EOMONTH(DATE(YEAR($A$2),ROW()-426,1),0)+1) -> 0 | AG436: =SUMIFS(OFFSET($D$2:$D$366,0,COLUMN()-2),$A$2:$A$366,">="&DATE(YEAR($A$2),ROW()-426,1),$A$2:$A$366,"<"&EOMONTH(DATE(YEAR($A$2),ROW()-426,1),0)+1) -> 0 | AH436: =IFERROR(AG436/AF436,"") | AI436: =SUMIFS(OFFSET($D$2:$D$366,0,COLUMN()-2),$A$2:$A$366,">="&DATE(YEAR($A$2),ROW()-426,1),$A$2:$A$366,"<"&EOMONTH(DATE(YEAR($A$2),ROW()-426,1),0)+1) -> 0 | AJ436: =SUMIFS(OFFSET($D$2:$D$366,0,COLUMN()-2),$A$2:$A$366,">="&DATE(YEAR($A$2),ROW()-426,1),$A$2:$A$366,"<"&EOMONTH(DATE(YEAR($A$2),ROW()-426,1),0)+1) -> 0 | AK436: =IFERROR(AJ436/AI436,"") | AL436: =SUMIFS(OFFSET($D$2:$D$366,0,COLUMN()-2),$A$2:$A$366,">="&DATE(YEAR($A$2),ROW()-426,1),$A$2:$A$366,"<"&EOMONTH(DATE(YEAR($A$2),ROW()-426,1),0)+1) -> 0 | AM436: =SUMIFS(OFFSET($D$2:$D$366,0,COLUMN()-2),$A$2:$A$366,">="&DATE(YEAR($A$2),ROW()-426,1),$A$2:$A$366,"<"&EOMONTH(DATE(YEAR($A$2),ROW()-426,1),0)+1) -> 0 | AN436: =IFERROR(AM436/AL436,"") | AO436: =IF((COUNTIF(D436,">0")+COUNTIF(G436,">0")+COUNTIF(J436,">0")+COUNTIF(M436,">0")+COUNTIF(P436,">0")+COUNTIF(S436,">0")+COUNTIF(V436,">0")+COUNTIF(Y436,">0")+COUNTIF(AB436,">0")+COUNTIF(AE436,">0")+COUNTIF(AH436,">0")+COUNTIF(AK436,">0")+COUNTIF(AN436,">0"))=0,"",(SUMIF(D436,">0")+SUMIF(G436,">0")+SUMIF(J436,">0")+SUMIF(M436,">0")+SUMIF(P436,">0")+SUMIF(S436,">0")+SUMIF(V436,">0")+SUMIF(Y436,">0")+SUMIF(AB436,">0")+SUMIF(AE436,">0")+SUMIF(AH436,">0")+SUMIF(AK436,">0")+SUMIF(AN436,">0"))/(COUNTIF(D436,">0")+COUNTIF(G436,">0")+COUNTIF(J436,">0")+COUNTIF(M436,">0")+COUNTIF(P436,">0")+COUNTIF(S436,">0")+COUNTIF(V436,">0")+COUNTIF(Y436,">0")+COUNTIF(AB436,">0")+COUNTIF(AE436,">0")+COUNTIF(AH436,">0")+COUNTIF(AK436,">0")+COUNTIF(AN436,">0")))
A437: ноябрь | B437: =SUMIFS($D$2:$D$366,$A$2:$A$366,">="&DATE(YEAR($A$2),ROW()-426,1),$A$2:$A$366,"<"&EOMONTH(DATE(YEAR($A$2),ROW()-426,1),0)+1) -> 0 | C437: =SUMIFS(OFFSET($D$2:$D$366,0,COLUMN()-2),$A$2:$A$366,">="&DATE(YEAR($A$2),ROW()-426,1),$A$2:$A$366,"<"&EOMONTH(DATE(YEAR($A$2),ROW()-426,1),0)+1) -> 0 | D437: =IFERROR(C437/B437,"") | E437: =SUMIFS(OFFSET($D$2:$D$366,0,COLUMN()-2),$A$2:$A$366,">="&DATE(YEAR($A$2),ROW()-426,1),$A$2:$A$366,"<"&EOMONTH(DATE(YEAR($A$2),ROW()-426,1),0)+1) -> 0 | F437: =SUMIFS(OFFSET($D$2:$D$366,0,COLUMN()-2),$A$2:$A$366,">="&DATE(YEAR($A$2),ROW()-426,1),$A$2:$A$366,"<"&EOMONTH(DATE(YEAR($A$2),ROW()-426,1),0)+1) -> 0 | G437: =IFERROR(F437/E437,"") | H437: =SUMIFS(OFFSET($D$2:$D$366,0,COLUMN()-2),$A$2:$A$366,">="&DATE(YEAR($A$2),ROW()-426,1),$A$2:$A$366,"<"&EOMONTH(DATE(YEAR($A$2),ROW()-426,1),0)+1) -> 0 | I437: =SUMIFS(OFFSET($D$2:$D$366,0,COLUMN()-2),$A$2:$A$366,">="&DATE(YEAR($A$2),ROW()-426,1),$A$2:$A$366,"<"&EOMONTH(DATE(YEAR($A$2),ROW()-426,1),0)+1) -> 0 | J437: =IFERROR(I437/H437,"") | K437: =SUMIFS(OFFSET($D$2:$D$366,0,COLUMN()-2),$A$2:$A$366,">="&DATE(YEAR($A$2),ROW()-426,1),$A$2:$A$366,"<"&EOMONTH(DATE(YEAR($A$2),ROW()-426,1),0)+1) -> 0 | L437: =SUMIFS(OFFSET($D$2:$D$366,0,COLUMN()-2),$A$2:$A$366,">="&DATE(YEAR($A$2),ROW()-426,1),$A$2:$A$366,"<"&EOMONTH(DATE(YEAR($A$2),ROW()-426,1),0)+1) -> 0 | M437: =IFERROR(L437/K437,"") | N437: =SUMIFS(OFFSET($D$2:$D$366,0,COLUMN()-2),$A$2:$A$366,">="&DATE(YEAR($A$2),ROW()-426,1),$A$2:$A$366,"<"&EOMONTH(DATE(YEAR($A$2),ROW()-426,1),0)+1) -> 0 | O437: =SUMIFS(OFFSET($D$2:$D$366,0,COLUMN()-2),$A$2:$A$366,">="&DATE(YEAR($A$2),ROW()-426,1),$A$2:$A$366,"<"&EOMONTH(DATE(YEAR($A$2),ROW()-426,1),0)+1) -> 0 | P437: =IFERROR(O437/N437,"") | Q437: =SUMIFS(OFFSET($D$2:$D$366,0,COLUMN()-2),$A$2:$A$366,">="&DATE(YEAR($A$2),ROW()-426,1),$A$2:$A$366,"<"&EOMONTH(DATE(YEAR($A$2),ROW()-426,1),0)+1) -> 0 | R437: =SUMIFS(OFFSET($D$2:$D$366,0,COLUMN()-2),$A$2:$A$366,">="&DATE(YEAR($A$2),ROW()-426,1),$A$2:$A$366,"<"&EOMONTH(DATE(YEAR($A$2),ROW()-426,1),0)+1) -> 0 | S437: =IFERROR(R437/Q437,"") | T437: =SUMIFS(OFFSET($D$2:$D$366,0,COLUMN()-2),$A$2:$A$366,">="&DATE(YEAR($A$2),ROW()-426,1),$A$2:$A$366,"<"&EOMONTH(DATE(YEAR($A$2),ROW()-426,1),0)+1) -> 0 | U437: =SUMIFS(OFFSET($D$2:$D$366,0,COLUMN()-2),$A$2:$A$366,">="&DATE(YEAR($A$2),ROW()-426,1),$A$2:$A$366,"<"&EOMONTH(DATE(YEAR($A$2),ROW()-426,1),0)+1) -> 0 | V437: =IFERROR(U437/T437,"") | W437: =SUMIFS(OFFSET($D$2:$D$366,0,COLUMN()-2),$A$2:$A$366,">="&DATE(YEAR($A$2),ROW()-426,1),$A$2:$A$366,"<"&EOMONTH(DATE(YEAR($A$2),ROW()-426,1),0)+1) -> 0 | X437: =SUMIFS(OFFSET($D$2:$D$366,0,COLUMN()-2),$A$2:$A$366,">="&DATE(YEAR($A$2),ROW()-426,1),$A$2:$A$366,"<"&EOMONTH(DATE(YEAR($A$2),ROW()-426,1),0)+1) -> 0 | Y437: =IFERROR(X437/W437,"") | Z437: =SUMIFS(OFFSET($D$2:$D$366,0,COLUMN()-2),$A$2:$A$366,">="&DATE(YEAR($A$2),ROW()-426,1),$A$2:$A$366,"<"&EOMONTH(DATE(YEAR($A$2),ROW()-426,1),0)+1) -> 0 | AA437: =SUMIFS(OFFSET($D$2:$D$366,0,COLUMN()-2),$A$2:$A$366,">="&DATE(YEAR($A$2),ROW()-426,1),$A$2:$A$366,"<"&EOMONTH(DATE(YEAR($A$2),ROW()-426,1),0)+1) -> 0 | AB437: =IFERROR(AA437/Z437,"") | AC437: =SUMIFS(OFFSET($D$2:$D$366,0,COLUMN()-2),$A$2:$A$366,">="&DATE(YEAR($A$2),ROW()-426,1),$A$2:$A$366,"<"&EOMONTH(DATE(YEAR($A$2),ROW()-426,1),0)+1) -> 0 | AD437: =SUMIFS(OFFSET($D$2:$D$366,0,COLUMN()-2),$A$2:$A$366,">="&DATE(YEAR($A$2),ROW()-426,1),$A$2:$A$366,"<"&EOMONTH(DATE(YEAR($A$2),ROW()-426,1),0)+1) -> 0 | AE437: =IFERROR(AD437/AC437,"") | AF437: =SUMIFS(OFFSET($D$2:$D$366,0,COLUMN()-2),$A$2:$A$366,">="&DATE(YEAR($A$2),ROW()-426,1),$A$2:$A$366,"<"&EOMONTH(DATE(YEAR($A$2),ROW()-426,1),0)+1) -> 0 | AG437: =SUMIFS(OFFSET($D$2:$D$366,0,COLUMN()-2),$A$2:$A$366,">="&DATE(YEAR($A$2),ROW()-426,1),$A$2:$A$366,"<"&EOMONTH(DATE(YEAR($A$2),ROW()-426,1),0)+1) -> 0 | AH437: =IFERROR(AG437/AF437,"") | AI437: =SUMIFS(OFFSET($D$2:$D$366,0,COLUMN()-2),$A$2:$A$366,">="&DATE(YEAR($A$2),ROW()-426,1),$A$2:$A$366,"<"&EOMONTH(DATE(YEAR($A$2),ROW()-426,1),0)+1) -> 0 | AJ437: =SUMIFS(OFFSET($D$2:$D$366,0,COLUMN()-2),$A$2:$A$366,">="&DATE(YEAR($A$2),ROW()-426,1),$A$2:$A$366,"<"&EOMONTH(DATE(YEAR($A$2),ROW()-426,1),0)+1) -> 0 | AK437: =IFERROR(AJ437/AI437,"") | AL437: =SUMIFS(OFFSET($D$2:$D$366,0,COLUMN()-2),$A$2:$A$366,">="&DATE(YEAR($A$2),ROW()-426,1),$A$2:$A$366,"<"&EOMONTH(DATE(YEAR($A$2),ROW()-426,1),0)+1) -> 0 | AM437: =SUMIFS(OFFSET($D$2:$D$366,0,COLUMN()-2),$A$2:$A$366,">="&DATE(YEAR($A$2),ROW()-426,1),$A$2:$A$366,"<"&EOMONTH(DATE(YEAR($A$2),ROW()-426,1),0)+1) -> 0 | AN437: =IFERROR(AM437/AL437,"") | AO437: =IF((COUNTIF(D437,">0")+COUNTIF(G437,">0")+COUNTIF(J437,">0")+COUNTIF(M437,">0")+COUNTIF(P437,">0")+COUNTIF(S437,">0")+COUNTIF(V437,">0")+COUNTIF(Y437,">0")+COUNTIF(AB437,">0")+COUNTIF(AE437,">0")+COUNTIF(AH437,">0")+COUNTIF(AK437,">0")+COUNTIF(AN437,">0"))=0,"",(SUMIF(D437,">0")+SUMIF(G437,">0")+SUMIF(J437,">0")+SUMIF(M437,">0")+SUMIF(P437,">0")+SUMIF(S437,">0")+SUMIF(V437,">0")+SUMIF(Y437,">0")+SUMIF(AB437,">0")+SUMIF(AE437,">0")+SUMIF(AH437,">0")+SUMIF(AK437,">0")+SUMIF(AN437,">0"))/(COUNTIF(D437,">0")+COUNTIF(G437,">0")+COUNTIF(J437,">0")+COUNTIF(M437,">0")+COUNTIF(P437,">0")+COUNTIF(S437,">0")+COUNTIF(V437,">0")+COUNTIF(Y437,">0")+COUNTIF(AB437,">0")+COUNTIF(AE437,">0")+COUNTIF(AH437,">0")+COUNTIF(AK437,">0")+COUNTIF(AN437,">0")))
A438: декабрь | B438: =SUMIFS($D$2:$D$366,$A$2:$A$366,">="&DATE(YEAR($A$2),ROW()-426,1),$A$2:$A$366,"<"&EOMONTH(DATE(YEAR($A$2),ROW()-426,1),0)+1) -> 0 | C438: =SUMIFS(OFFSET($D$2:$D$366,0,COLUMN()-2),$A$2:$A$366,">="&DATE(YEAR($A$2),ROW()-426,1),$A$2:$A$366,"<"&EOMONTH(DATE(YEAR($A$2),ROW()-426,1),0)+1) -> 0 | D438: =IFERROR(C438/B438,"") | E438: =SUMIFS(OFFSET($D$2:$D$366,0,COLUMN()-2),$A$2:$A$366,">="&DATE(YEAR($A$2),ROW()-426,1),$A$2:$A$366,"<"&EOMONTH(DATE(YEAR($A$2),ROW()-426,1),0)+1) -> 0 | F438: =SUMIFS(OFFSET($D$2:$D$366,0,COLUMN()-2),$A$2:$A$366,">="&DATE(YEAR($A$2),ROW()-426,1),$A$2:$A$366,"<"&EOMONTH(DATE(YEAR($A$2),ROW()-426,1),0)+1) -> 0 | G438: =IFERROR(F438/E438,"") | H438: =SUMIFS(OFFSET($D$2:$D$366,0,COLUMN()-2),$A$2:$A$366,">="&DATE(YEAR($A$2),ROW()-426,1),$A$2:$A$366,"<"&EOMONTH(DATE(YEAR($A$2),ROW()-426,1),0)+1) -> 0 | I438: =SUMIFS(OFFSET($D$2:$D$366,0,COLUMN()-2),$A$2:$A$366,">="&DATE(YEAR($A$2),ROW()-426,1),$A$2:$A$366,"<"&EOMONTH(DATE(YEAR($A$2),ROW()-426,1),0)+1) -> 0 | J438: =IFERROR(I438/H438,"") | K438: =SUMIFS(OFFSET($D$2:$D$366,0,COLUMN()-2),$A$2:$A$366,">="&DATE(YEAR($A$2),ROW()-426,1),$A$2:$A$366,"<"&EOMONTH(DATE(YEAR($A$2),ROW()-426,1),0)+1) -> 0 | L438: =SUMIFS(OFFSET($D$2:$D$366,0,COLUMN()-2),$A$2:$A$366,">="&DATE(YEAR($A$2),ROW()-426,1),$A$2:$A$366,"<"&EOMONTH(DATE(YEAR($A$2),ROW()-426,1),0)+1) -> 0 | M438: =IFERROR(L438/K438,"") | N438: =SUMIFS(OFFSET($D$2:$D$366,0,COLUMN()-2),$A$2:$A$366,">="&DATE(YEAR($A$2),ROW()-426,1),$A$2:$A$366,"<"&EOMONTH(DATE(YEAR($A$2),ROW()-426,1),0)+1) -> 0 | O438: =SUMIFS(OFFSET($D$2:$D$366,0,COLUMN()-2),$A$2:$A$366,">="&DATE(YEAR($A$2),ROW()-426,1),$A$2:$A$366,"<"&EOMONTH(DATE(YEAR($A$2),ROW()-426,1),0)+1) -> 0 | P438: =IFERROR(O438/N438,"") | Q438: =SUMIFS(OFFSET($D$2:$D$366,0,COLUMN()-2),$A$2:$A$366,">="&DATE(YEAR($A$2),ROW()-426,1),$A$2:$A$366,"<"&EOMONTH(DATE(YEAR($A$2),ROW()-426,1),0)+1) -> 0 | R438: =SUMIFS(OFFSET($D$2:$D$366,0,COLUMN()-2),$A$2:$A$366,">="&DATE(YEAR($A$2),ROW()-426,1),$A$2:$A$366,"<"&EOMONTH(DATE(YEAR($A$2),ROW()-426,1),0)+1) -> 0 | S438: =IFERROR(R438/Q438,"") | T438: =SUMIFS(OFFSET($D$2:$D$366,0,COLUMN()-2),$A$2:$A$366,">="&DATE(YEAR($A$2),ROW()-426,1),$A$2:$A$366,"<"&EOMONTH(DATE(YEAR($A$2),ROW()-426,1),0)+1) -> 0 | U438: =SUMIFS(OFFSET($D$2:$D$366,0,COLUMN()-2),$A$2:$A$366,">="&DATE(YEAR($A$2),ROW()-426,1),$A$2:$A$366,"<"&EOMONTH(DATE(YEAR($A$2),ROW()-426,1),0)+1) -> 0 | V438: =IFERROR(U438/T438,"") | W438: =SUMIFS(OFFSET($D$2:$D$366,0,COLUMN()-2),$A$2:$A$366,">="&DATE(YEAR($A$2),ROW()-426,1),$A$2:$A$366,"<"&EOMONTH(DATE(YEAR($A$2),ROW()-426,1),0)+1) -> 0 | X438: =SUMIFS(OFFSET($D$2:$D$366,0,COLUMN()-2),$A$2:$A$366,">="&DATE(YEAR($A$2),ROW()-426,1),$A$2:$A$366,"<"&EOMONTH(DATE(YEAR($A$2),ROW()-426,1),0)+1) -> 0 | Y438: =IFERROR(X438/W438,"") | Z438: =SUMIFS(OFFSET($D$2:$D$366,0,COLUMN()-2),$A$2:$A$366,">="&DATE(YEAR($A$2),ROW()-426,1),$A$2:$A$366,"<"&EOMONTH(DATE(YEAR($A$2),ROW()-426,1),0)+1) -> 0 | AA438: =SUMIFS(OFFSET($D$2:$D$366,0,COLUMN()-2),$A$2:$A$366,">="&DATE(YEAR($A$2),ROW()-426,1),$A$2:$A$366,"<"&EOMONTH(DATE(YEAR($A$2),ROW()-426,1),0)+1) -> 0 | AB438: =IFERROR(AA438/Z438,"") | AC438: =SUMIFS(OFFSET($D$2:$D$366,0,COLUMN()-2),$A$2:$A$366,">="&DATE(YEAR($A$2),ROW()-426,1),$A$2:$A$366,"<"&EOMONTH(DATE(YEAR($A$2),ROW()-426,1),0)+1) -> 0 | AD438: =SUMIFS(OFFSET($D$2:$D$366,0,COLUMN()-2),$A$2:$A$366,">="&DATE(YEAR($A$2),ROW()-426,1),$A$2:$A$366,"<"&EOMONTH(DATE(YEAR($A$2),ROW()-426,1),0)+1) -> 0 | AE438: =IFERROR(AD438/AC438,"") | AF438: =SUMIFS(OFFSET($D$2:$D$366,0,COLUMN()-2),$A$2:$A$366,">="&DATE(YEAR($A$2),ROW()-426,1),$A$2:$A$366,"<"&EOMONTH(DATE(YEAR($A$2),ROW()-426,1),0)+1) -> 0 | AG438: =SUMIFS(OFFSET($D$2:$D$366,0,COLUMN()-2),$A$2:$A$366,">="&DATE(YEAR($A$2),ROW()-426,1),$A$2:$A$366,"<"&EOMONTH(DATE(YEAR($A$2),ROW()-426,1),0)+1) -> 0 | AH438: =IFERROR(AG438/AF438,"") | AI438: =SUMIFS(OFFSET($D$2:$D$366,0,COLUMN()-2),$A$2:$A$366,">="&DATE(YEAR($A$2),ROW()-426,1),$A$2:$A$366,"<"&EOMONTH(DATE(YEAR($A$2),ROW()-426,1),0)+1) -> 0 | AJ438: =SUMIFS(OFFSET($D$2:$D$366,0,COLUMN()-2),$A$2:$A$366,">="&DATE(YEAR($A$2),ROW()-426,1),$A$2:$A$366,"<"&EOMONTH(DATE(YEAR($A$2),ROW()-426,1),0)+1) -> 0 | AK438: =IFERROR(AJ438/AI438,"") | AL438: =SUMIFS(OFFSET($D$2:$D$366,0,COLUMN()-2),$A$2:$A$366,">="&DATE(YEAR($A$2),ROW()-426,1),$A$2:$A$366,"<"&EOMONTH(DATE(YEAR($A$2),ROW()-426,1),0)+1) -> 0 | AM438: =SUMIFS(OFFSET($D$2:$D$366,0,COLUMN()-2),$A$2:$A$366,">="&DATE(YEAR($A$2),ROW()-426,1),$A$2:$A$366,"<"&EOMONTH(DATE(YEAR($A$2),ROW()-426,1),0)+1) -> 0 | AN438: =IFERROR(AM438/AL438,"") | AO438: =IF((COUNTIF(D438,">0")+COUNTIF(G438,">0")+COUNTIF(J438,">0")+COUNTIF(M438,">0")+COUNTIF(P438,">0")+COUNTIF(S438,">0")+COUNTIF(V438,">0")+COUNTIF(Y438,">0")+COUNTIF(AB438,">0")+COUNTIF(AE438,">0")+COUNTIF(AH438,">0")+COUNTIF(AK438,">0")+COUNTIF(AN438,">0"))=0,"",(SUMIF(D438,">0")+SUMIF(G438,">0")+SUMIF(J438,">0")+SUMIF(M438,">0")+SUMIF(P438,">0")+SUMIF(S438,">0")+SUMIF(V438,">0")+SUMIF(Y438,">0")+SUMIF(AB438,">0")+SUMIF(AE438,">0")+SUMIF(AH438,">0")+SUMIF(AK438,">0")+SUMIF(AN438,">0"))/(COUNTIF(D438,">0")+COUNTIF(G438,">0")+COUNTIF(J438,">0")+COUNTIF(M438,">0")+COUNTIF(P438,">0")+COUNTIF(S438,">0")+COUNTIF(V438,">0")+COUNTIF(Y438,">0")+COUNTIF(AB438,">0")+COUNTIF(AE438,">0")+COUNTIF(AH438,">0")+COUNTIF(AK438,">0")+COUNTIF(AN438,">0")))
A439: Год | B439: План Б2.Б3,Б4, м.пог. | C439: Факт Б2.Б3,Б4, м.пог. | D439: % выполнения | E439: План цветная печать, м.пог. | F439: Факт цветная печать, м.пог. | G439: % выполнения | H439: План валовая печать,м.пог. | I439: Факт валовая печать,м.пог. | J439: % выполнения | K439: План Джиггер1,2 ;Джет, циклы | L439: Факт Джиггер 1,2;Джет,циклы | M439: % выполнения | N439: План Жгут циклы | O439: Факт Жгут циклы | P439: % выполнения | Q439: План СШМ, м.пог. | R439: Факт СШМ, м.пог. | S439: % выполнения | T439: План СШМ,кг(флис) | U439: Факт СШМ,кг(флис) | V439: % выполнения | W439: План мембрана, м.пог. | X439: Факт мембрана, м.пог. | Y439: % выполнения | Z439: План ленты(1-й слой), м.пог. | AA439: Факт ленты(1-й слой), м.пог. | AB439: % выполнения | AC439: Ленты(резка), м.пог. | AD439: Ленты(резка), м.пог. | AE439: % выполнения | AF439: План флис(вязание) ,кг | AG439: Факт Флис(вязание),кг | AH439: % выполнения | AI439: План флис(ворсование),кг. | AJ439: Факт флис(ворсование),кг. | AK439: % выполнения | AL439: План флис(тумблировние),кг | AM439: Факт флис(тумблировние),кг | AN439: % выполнения | AO439: Средний общ. %
A440: 2026 | B440: =SUM(B427:B438) -> 134445 | C440: =SUM(C427:C438) -> 132619 | D440: =IFERROR(C440/B440,"") -> 0.98641824 | E440: =SUM(E427:E438) -> 0 | F440: =SUM(F427:F438) -> 0 | G440: =IFERROR(F440/E440,"") | H440: =SUM(H427:H438) -> 0 | I440: =SUM(I427:I438) -> 0 | J440: =IFERROR(I440/H440,"") | K440: =SUM(K427:K438) -> 22 | L440: =SUM(L427:L438) -> 21 | M440: =IFERROR(L440/K440,"") -> 0.95454545 | N440: =SUM(N427:N438) -> 18 | O440: =SUM(O427:O438) -> 18 | P440: =IFERROR(O440/N440,"") -> 1 | Q440: =SUM(Q427:Q438) -> 78458 | R440: =SUM(R427:R438) -> 75579 | S440: =IFERROR(R440/Q440,"") -> 0.96330521 | T440: =SUM(T427:T438) -> 4970 | U440: =SUM(U427:U438) -> 4611.6 | V440: =IFERROR(U440/T440,"") -> 0.92788732 | W440: =SUM(W427:W438) -> 15000 | X440: =SUM(X427:X438) -> 15385 | Y440: =IFERROR(X440/W440,"") -> 1.0256667 | Z440: =SUM(Z427:Z438) -> 200000 | AA440: =SUM(AA427:AA438) -> 210680 | AB440: =IFERROR(AA440/Z440,"") -> 1.0534 | AC440: =SUM(AC427:AC438) -> 220000 | AD440: =SUM(AD427:AD438) -> 231480 | AE440: =IFERROR(AD440/AC440,"") -> 1.0521818 | AF440: =SUM(AF427:AF438) -> 4270 | AG440: =SUM(AG427:AG438) -> 4358.62 | AH440: =IFERROR(AG440/AF440,"") -> 1.0207541 | AI440: =SUM(AI427:AI438) -> 1200 | AJ440: =SUM(AJ427:AJ438) -> 1183 | AK440: =IFERROR(AJ440/AI440,"") -> 0.98583333 | AL440: =SUM(AL427:AL438) -> 988 | AM440: =SUM(AM427:AM438) -> 1058 | AN440: =IFERROR(AM440/AL440,"") -> 1.0708502 | AO440: =IF((COUNTIF(D440,">0")+COUNTIF(G440,">0")+COUNTIF(J440,">0")+COUNTIF(M440,">0")+COUNTIF(P440,">0")+COUNTIF(S440,">0")+COUNTIF(V440,">0")+COUNTIF(Y440,">0")+COUNTIF(AB440,">0")+COUNTIF(AE440,">0")+COUNTIF(AH440,">0")+COUNTIF(AK440,">0")+COUNTIF(AN440,">0"))=0,"",(SUMIF(D440,">0")+SUMIF(G440,">0")+SUMIF(J440,">0")+SUMIF(M440,">0")+SUMIF(P440,">0")+SUMIF(S440,">0")+SUMIF(V440,">0")+SUMIF(Y440,">0")+SUMIF(AB440,">0")+SUMIF(AE440,">0")+SUMIF(AH440,">0")+SUMIF(AK440,">0")+SUMIF(AN440,">0"))/(COUNTIF(D440,">0")+COUNTIF(G440,">0")+COUNTIF(J440,">0")+COUNTIF(M440,">0")+COUNTIF(P440,">0")+COUNTIF(S440,">0")+COUNTIF(V440,">0")+COUNTIF(Y440,">0")+COUNTIF(AB440,">0")+COUNTIF(AE440,">0")+COUNTIF(AH440,">0")+COUNTIF(AK440,">0")+COUNTIF(AN440,">0"))) -> 1.0037129

Sheet Реестр_План_Тех
A1: =Реестр_План_Факт!A1 -> Дата | B1: =Реестр_План_Факт!B1 -> Неделя | C1: =Реестр_План_Факт!C1 -> Месяц | D1: =Реестр_План_Факт!D1 -> План Б2.Б3,Б4, м.пог. | E1: =Реестр_План_Факт!E1 -> Факт Б2.Б3,Б4, м.пог. | F1: =Реестр_План_Факт!F1 -> % выполнения Б2.Б3,Б4 | G1: =Реестр_План_Факт!G1 -> План цветная печать, м.пог. | H1: =Реестр_План_Факт!H1 -> Факт цветная печать, м.пог. | ... AP1: =Реестр_План_Факт!AP1 -> % выполнения флис(тумблировние),кг
A2: =Реестр_План_Факт!A2 -> 46023 | B2: =Реестр_План_Факт!B2 -> 1 | C2: =Реестр_План_Факт!C2 -> 1 | D2: =Реестр_План_Факт!D2 -> 0 | E2: =Реестр_План_Факт!E2 -> 0 | F2: =Реестр_План_Факт!F2 | G2: =Реестр_План_Факт!G2 -> 0 | H2: =Реестр_План_Факт!H2 -> 0 | ... AQ2: =Реестр_План_Факт!AQ2 -> 0
A3: =Реестр_План_Факт!A3 -> 46024 | B3: =Реестр_План_Факт!B3 -> 1 | C3: =Реестр_План_Факт!C3 -> 1 | D3: =Реестр_План_Факт!D3 -> 0 | E3: =Реестр_План_Факт!E3 -> 0 | F3: =Реестр_План_Факт!F3 | G3: =Реестр_План_Факт!G3 -> 0 | H3: =Реестр_План_Факт!H3 -> 0 | ... AQ3: =Реестр_План_Факт!AQ3 -> 0
A4: =Реестр_План_Факт!A4 -> 46025 | B4: =Реестр_План_Факт!B4 -> 1 | C4: =Реестр_План_Факт!C4 -> 1 | D4: =Реестр_План_Факт!D4 -> 0 | E4: =Реестр_План_Факт!E4 -> 0 | F4: =Реестр_План_Факт!F4 | G4: =Реестр_План_Факт!G4 -> 0 | H4: =Реестр_План_Факт!H4 -> 0 | ... AQ4: =Реестр_План_Факт!AQ4 -> 0
A5: =Реестр_План_Факт!A5 -> 46026 | B5: =Реестр_План_Факт!B5 -> 1 | C5: =Реестр_План_Факт!C5 -> 1 | D5: =Реестр_План_Факт!D5 -> 0 | E5: =Реестр_План_Факт!E5 -> 0 | F5: =Реестр_План_Факт!F5 | G5: =Реестр_План_Факт!G5 -> 0 | H5: =Реестр_План_Факт!H5 -> 0 | ... AQ5: =Реестр_План_Факт!AQ5 -> 0
A6: =Реестр_План_Факт!A6 -> 46027 | B6: =Реестр_План_Факт!B6 -> 2 | C6: =Реестр_План_Факт!C6 -> 1 | D6: =Реестр_План_Факт!D6 -> 0 | E6: =Реестр_План_Факт!E6 -> 0 | F6: =Реестр_План_Факт!F6 | G6: =Реестр_План_Факт!G6 -> 0 | H6: =Реестр_План_Факт!H6 -> 0 | ... AQ6: =Реестр_План_Факт!AQ6 -> 0
A7: =Реестр_План_Факт!A7 -> 46028 | B7: =Реестр_План_Факт!B7 -> 2 | C7: =Реестр_План_Факт!C7 -> 1 | D7: =Реестр_План_Факт!D7 -> 0 | E7: =Реестр_План_Факт!E7 -> 0 | F7: =Реестр_План_Факт!F7 | G7: =Реестр_План_Факт!G7 -> 0 | H7: =Реестр_План_Факт!H7 -> 0 | ... AQ7: =Реестр_План_Факт!AQ7 -> 0
A8: =Реестр_План_Факт!A8 -> 46029 | B8: =Реестр_План_Факт!B8 -> 2 | C8: =Реестр_План_Факт!C8 -> 1 | D8: =Реестр_План_Факт!D8 -> 0 | E8: =Реестр_План_Факт!E8 -> 0 | F8: =Реестр_План_Факт!F8 | G8: =Реестр_План_Факт!G8 -> 0 | H8: =Реестр_План_Факт!H8 -> 0 | ... AQ8: =Реестр_План_Факт!AQ8 -> 0
A9: =Реестр_План_Факт!A9 -> 46030 | B9: =Реестр_План_Факт!B9 -> 2 | C9: =Реестр_План_Факт!C9 -> 1 | D9: =Реестр_План_Факт!D9 -> 0 | E9: =Реестр_План_Факт!E9 -> 0 | F9: =Реестр_План_Факт!F9 | G9: =Реестр_План_Факт!G9 -> 0 | H9: =Реестр_План_Факт!H9 -> 0 | ... AQ9: =Реестр_План_Факт!AQ9 -> 0
A10: =Реестр_План_Факт!A10 -> 46031 | B10: =Реестр_План_Факт!B10 -> 2 | C10: =Реестр_План_Факт!C10 -> 1 | D10: =Реестр_План_Факт!D10 -> 0 | E10: =Реестр_План_Факт!E10 -> 0 | F10: =Реестр_План_Факт!F10 | G10: =Реестр_План_Факт!G10 -> 0 | H10: =Реестр_План_Факт!H10 -> 0 | ... AQ10: =Реестр_План_Факт!AQ10 -> 0
A11: =Реестр_План_Факт!A11 -> 46032 | B11: =Реестр_План_Факт!B11 -> 2 | C11: =Реестр_План_Факт!C11 -> 1 | D11: =Реестр_План_Факт!D11 -> 0 | E11: =Реестр_План_Факт!E11 -> 0 | F11: =Реестр_План_Факт!F11 | G11: =Реестр_План_Факт!G11 -> 0 | H11: =Реестр_План_Факт!H11 -> 0 | ... AQ11: =Реестр_План_Факт!AQ11 -> 0
A12: =Реестр_План_Факт!A12 -> 46033 | B12: =Реестр_План_Факт!B12 -> 2 | C12: =Реестр_План_Факт!C12 -> 1 | D12: =Реестр_План_Факт!D12 -> 0 | E12: =Реестр_План_Факт!E12 -> 0 | F12: =Реестр_План_Факт!F12 | G12: =Реестр_План_Факт!G12 -> 0 | H12: =Реестр_План_Факт!H12 -> 0 | ... AQ12: =Реестр_План_Факт!AQ12 -> 0
A13: =Реестр_План_Факт!A13 -> 46034 | B13: =Реестр_План_Факт!B13 -> 3 | C13: =Реестр_План_Факт!C13 -> 1 | D13: =Реестр_План_Факт!D13 -> 0 | E13: =Реестр_План_Факт!E13 -> 0 | F13: =Реестр_План_Факт!F13 | G13: =Реестр_План_Факт!G13 -> 0 | H13: =Реестр_План_Факт!H13 -> 0 | ... AQ13: =Реестр_План_Факт!AQ13 -> 0
... A366: =Реестр_План_Факт!A366 -> 46387 | B366: =Реестр_План_Факт!B366 -> 53 | C366: =Реестр_План_Факт!C366 -> 12 | D366: =Реестр_План_Факт!D366 -> 0 | E366: =Реестр_План_Факт!E366 -> 0 | F366: =Реестр_План_Факт!F366 | G366: =Реестр_План_Факт!G366 -> 0 | H366: =Реестр_План_Факт!H366 -> 0 | ... AQ366: =Реестр_План_Факт!AQ366 -> 0

Sheet Карантин
A1: Дата и время создания | B1: № задачи Bitrix24 | C1: Причина(кратко) | D1: Дата и время решения | E1: Часы до решения Число | F1: Часы до Решения | G1: МесяцГод | H1: Горячие клавиши
A2: 46080.501 | B2: 35859 | C2: расслаивается | D2: 46080.506 | E2: =IF(OR(A2="",D2=""),"",(D2-A2)*24) -> 0.11666667 | F2: =IF(OR(A2="",D2=""),"",INT((D2-A2)*24)&" час "&ROUND(((D2-A2)*24-INT((D2-A2)*24))*60,0)&" минут") -> 0 час 7 минут | G2: =IF(D2="","",TEXT(D2,"[$-419]mmmm yyyy")) -> февраль 2026 | H2: Дата | I2: Ctrl + ;
A3: 46083.541 | B3: 35715 | C3: помарки, синие подтёки | D3: 46083.628 | E3: =IF(OR(A3="",D3=""),"",(D3-A3)*24) -> 2.1 | F3: =IF(OR(A3="",D3=""),"",INT((D3-A3)*24)&" час "&ROUND(((D3-A3)*24-INT((D3-A3)*24))*60,0)&" минут") -> 2 час 6 минут | G3: =IF(D3="","",TEXT(D3,"[$-419]mmmm yyyy")) -> март 2026 | H3: Время | I3: Ctrl + Shift + ;
A4: 46083.626 | B4: 36059 | C4: неравномерная отделка | D4: 46083.698 | E4: =IF(OR(A4="",D4=""),"",(D4-A4)*24) -> 1.7333333 | F4: =IF(OR(A4="",D4=""),"",INT((D4-A4)*24)&" час "&ROUND(((D4-A4)*24-INT((D4-A4)*24))*60,0)&" минут") -> 1 час 44 минут | G4: =IF(D4="","",TEXT(D4,"[$-419]mmmm yyyy")) -> март 2026 | H4: Обязательно для заполнения
A5: 46083.677 | B5: 36001 | C5: расслаивается | D5: 46083.683 | E5: =IF(OR(A5="",D5=""),"",(D5-A5)*24) -> 0.13333333 | F5: =IF(OR(A5="",D5=""),"",INT((D5-A5)*24)&" час "&ROUND(((D5-A5)*24-INT((D5-A5)*24))*60,0)&" минут") -> 0 час 8 минут | G5: =IF(D5="","",TEXT(D5,"[$-419]mmmm yyyy")) -> март 2026
A6: 46083.678 | B6: 36001 | C6: расслаивается | D6: 46083.684 | E6: =IF(OR(A6="",D6=""),"",(D6-A6)*24) -> 0.13333333 | F6: =IF(OR(A6="",D6=""),"",INT((D6-A6)*24)&" час "&ROUND(((D6-A6)*24-INT((D6-A6)*24))*60,0)&" минут") -> 0 час 8 минут | G6: =IF(D6="","",TEXT(D6,"[$-419]mmmm yyyy")) -> март 2026
A7: 46084.546 | B7: 36085 | C7: расслаивается | D7: 46084.562 | E7: =IF(OR(A7="",D7=""),"",(D7-A7)*24) -> 0.4 | F7: =IF(OR(A7="",D7=""),"",INT((D7-A7)*24)&" час "&ROUND(((D7-A7)*24-INT((D7-A7)*24))*60,0)&" минут") -> 0 час 24 минут | G7: =IF(D7="","",TEXT(D7,"[$-419]mmmm yyyy")) -> март 2026
A8: 46085.374 | B8: 35715 | C8: помарки, синие подтёки | D8: 46085.496 | E8: =IF(OR(A8="",D8=""),"",(D8-A8)*24) -> 2.9166667 | F8: =IF(OR(A8="",D8=""),"",INT((D8-A8)*24)&" час "&ROUND(((D8-A8)*24-INT((D8-A8)*24))*60,0)&" минут") -> 2 час 55 минут | G8: =IF(D8="","",TEXT(D8,"[$-419]mmmm yyyy")) -> март 2026
A9: 46087.408 | B9: 36089 | C9: Адгезия | D9: 46087.671 | E9: =IF(OR(A9="",D9=""),"",(D9-A9)*24) -> 6.3166667 | F9: =IF(OR(A9="",D9=""),"",INT((D9-A9)*24)&" час "&ROUND(((D9-A9)*24-INT((D9-A9)*24))*60,0)&" минут") -> 6 час 19 минут | G9: =IF(D9="","",TEXT(D9,"[$-419]mmmm yyyy")) -> март 2026
A10: 46092.333 | B10: 35953 | C10: Не соот НД( разр нагр о) | D10: 46092.462 | E10: =IF(OR(A10="",D10=""),"",(D10-A10)*24) -> 3.0833333 | F10: =IF(OR(A10="",D10=""),"",INT((D10-A10)*24)&" час "&ROUND(((D10-A10)*24-INT((D10-A10)*24))*60,0)&" минут") -> 3 час 5 минут | G10: =IF(D10="","",TEXT(D10,"[$-419]mmmm yyyy")) -> март 2026
A11: 46093.649 | B11: 35859 | C11: не соотв НД | D11: 46093.662 | E11: =IF(OR(A11="",D11=""),"",(D11-A11)*24) -> 0.31666667 | F11: =IF(OR(A11="",D11=""),"",INT((D11-A11)*24)&" час "&ROUND(((D11-A11)*24-INT((D11-A11)*24))*60,0)&" минут") -> 0 час 19 минут | G11: =IF(D11="","",TEXT(D11,"[$-419]mmmm yyyy")) -> март 2026
A12: 46094.383 | B12: 35859 | C12: расслаивается, скрутка тип С | D12: 46094.463 | E12: =IF(OR(A12="",D12=""),"",(D12-A12)*24) -> 1.9 | F12: =IF(OR(A12="",D12=""),"",INT((D12-A12)*24)&" час "&ROUND(((D12-A12)*24-INT((D12-A12)*24))*60,0)&" минут") -> 1 час 54 минут | G12: =IF(D12="","",TEXT(D12,"[$-419]mmmm yyyy")) -> март 2026
A13: 46098.392 | B13: 36217 | C13: Не соот НД( м/о) | D13: 46098.422 | E13: =IF(OR(A13="",D13=""),"",(D13-A13)*24) -> 0.7 | F13: =IF(OR(A13="",D13=""),"",INT((D13-A13)*24)&" час "&ROUND(((D13-A13)*24-INT((D13-A13)*24))*60,0)&" минут") -> 0 час 42 минут | G13: =IF(D13="","",TEXT(D13,"[$-419]mmmm yyyy")) -> март 2026
A14: 46099 | B14: 35631 | C14: не соот НД ( В/О) | D14: 46099 | E14: =IF(OR(A14="",D14=""),"",(D14-A14)*24) -> 0 | F14: =IF(OR(A14="",D14=""),"",INT((D14-A14)*24)&" час "&ROUND(((D14-A14)*24-INT((D14-A14)*24))*60,0)&" минут") -> 0 час 0 минут | G14: =IF(D14="","",TEXT(D14,"[$-419]mmmm yyyy")) -> март 2026
A15: 46100.548 | B15: 35631 | C15: не соот НД( В/О после стирок) | D15: 46100.548 | E15: =IF(OR(A15="",D15=""),"",(D15-A15)*24) -> 0 | F15: =IF(OR(A15="",D15=""),"",INT((D15-A15)*24)&" час "&ROUND(((D15-A15)*24-INT((D15-A15)*24))*60,0)&" минут") -> 0 час 0 минут | G15: =IF(D15="","",TEXT(D15,"[$-419]mmmm yyyy")) -> март 2026
E16: =IF(OR(A16="",D16=""),"",(D16-A16)*24) | F16: =IF(OR(A16="",D16=""),"",INT((D16-A16)*24)&" час "&ROUND(((D16-A16)*24-INT((D16-A16)*24))*60,0)&" минут") | G16: =IF(D16="","",TEXT(D16,"ММММ ГГГГ"))
E17: =IF(OR(A17="",D17=""),"",(D17-A17)*24) | F17: =IF(OR(A17="",D17=""),"",INT((D17-A17)*24)&" час "&ROUND(((D17-A17)*24-INT((D17-A17)*24))*60,0)&" минут") | G17: =IF(D17="","",TEXT(D17,"ММММ ГГГГ"))
E18: =IF(OR(A18="",D18=""),"",(D18-A18)*24) | F18: =IF(OR(A18="",D18=""),"",INT((D18-A18)*24)&" час "&ROUND(((D18-A18)*24-INT((D18-A18)*24))*60,0)&" минут") | G18: =IF(D18="","",TEXT(D18,"ММММ ГГГГ"))
E19: =IF(OR(A19="",D19=""),"",(D19-A19)*24) | F19: =IF(OR(A19="",D19=""),"",INT((D19-A19)*24)&" час "&ROUND(((D19-A19)*24-INT((D19-A19)*24))*60,0)&" минут") | G19: =IF(D19="","",TEXT(D19,"ММММ ГГГГ"))
E20: =IF(OR(A20="",D20=""),"",(D20-A20)*24) | F20: =IF(OR(A20="",D20=""),"",INT((D20-A20)*24)&" час "&ROUND(((D20-A20)*24-INT((D20-A20)*24))*60,0)&" минут") | G20: =IF(D20="","",TEXT(D20,"ММММ ГГГГ"))
E21: =IF(OR(A21="",D21=""),"",(D21-A21)*24) | F21: =IF(OR(A21="",D21=""),"",INT((D21-A21)*24)&" час "&ROUND(((D21-A21)*24-INT((D21-A21)*24))*60,0)&" минут") | G21: =IF(D21="","",TEXT(D21,"ММММ ГГГГ"))
E22: =IF(OR(A22="",D22=""),"",(D22-A22)*24) | F22: =IF(OR(A22="",D22=""),"",INT((D22-A22)*24)&" час "&ROUND(((D22-A22)*24-INT((D22-A22)*24))*60,0)&" минут") | G22: =IF(D22="","",TEXT(D22,"ММММ ГГГГ"))
E23: =IF(OR(A23="",D23=""),"",(D23-A23)*24) | F23: =IF(OR(A23="",D23=""),"",INT((D23-A23)*24)&" час "&ROUND(((D23-A23)*24-INT((D23-A23)*24))*60,0)&" минут") | G23: =IF(D23="","",TEXT(D23,"ММММ ГГГГ"))
E24: =IF(OR(A24="",D24=""),"",(D24-A24)*24) | F24: =IF(OR(A24="",D24=""),"",INT((D24-A24)*24)&" час "&ROUND(((D24-A24)*24-INT((D24-A24)*24))*60,0)&" минут") | G24: =IF(D24="","",TEXT(D24,"ММММ ГГГГ"))
E25: =IF(OR(A25="",D25=""),"",(D25-A25)*24) | F25: =IF(OR(A25="",D25=""),"",INT((D25-A25)*24)&" час "&ROUND(((D25-A25)*24-INT((D25-A25)*24))*60,0)&" минут") | G25: =IF(D25="","",TEXT(D25,"ММММ ГГГГ"))
E26: =IF(OR(A26="",D26=""),"",(D26-A26)*24) | F26: =IF(OR(A26="",D26=""),"",INT((D26-A26)*24)&" час "&ROUND(((D26-A26)*24-INT((D26-A26)*24))*60,0)&" минут") | G26: =IF(D26="","",TEXT(D26,"ММММ ГГГГ"))
E27: =IF(OR(A27="",D27=""),"",(D27-A27)*24) | F27: =IF(OR(A27="",D27=""),"",INT((D27-A27)*24)&" час "&ROUND(((D27-A27)*24-INT((D27-A27)*24))*60,0)&" минут") | G27: =IF(D27="","",TEXT(D27,"ММММ ГГГГ"))
... E1000: =IF(OR(A1000="",D1000=""),"",(D1000-A1000)*24) | F1000: =IF(OR(A1000="",D1000=""),"",INT((D1000-A1000)*24)&" час "&ROUND(((D1000-A1000)*24-INT((D1000-A1000)*24))*60,0)&" минут") | G1000: =IF(D1000="","",TEXT(D1000,"ММММ ГГГГ"))
F1001: =IF(OR(A1001="",D1001=""),"",INT((D1001-A1001)*24)&" час "&ROUND(((D1001-A1001)*24-INT((D1001-A1001)*24))*60,0)&" минут")
F1002: =IF(OR(A1002="",D1002=""),"",INT((D1002-A1002)*24)&" час "&ROUND(((D1002-A1002)*24-INT((D1002-A1002)*24))*60,0)&" минут")
F1003: =IF(OR(A1003="",D1003=""),"",INT((D1003-A1003)*24)&" час "&ROUND(((D1003-A1003)*24-INT((D1003-A1003)*24))*60,0)&" минут")
F1004: =IF(OR(A1004="",D1004=""),"",INT((D1004-A1004)*24)&" час "&ROUND(((D1004-A1004)*24-INT((D1004-A1004)*24))*60,0)&" минут")
F1005: =IF(OR(A1005="",D1005=""),"",INT((D1005-A1005)*24)&" час "&ROUND(((D1005-A1005)*24-INT((D1005-A1005)*24))*60,0)&" минут")
F1006: =IF(OR(A1006="",D1006=""),"",INT((D1006-A1006)*24)&" час "&ROUND(((D1006-A1006)*24-INT((D1006-A1006)*24))*60,0)&" минут")
F1007: =IF(OR(A1007="",D1007=""),"",INT((D1007-A1007)*24)&" час "&ROUND(((D1007-A1007)*24-INT((D1007-A1007)*24))*60,0)&" минут")
F1008: =IF(OR(A1008="",D1008=""),"",INT((D1008-A1008)*24)&" час "&ROUND(((D1008-A1008)*24-INT((D1008-A1008)*24))*60,0)&" минут")
F1009: =IF(OR(A1009="",D1009=""),"",INT((D1009-A1009)*24)&" час "&ROUND(((D1009-A1009)*24-INT((D1009-A1009)*24))*60,0)&" минут")
F1010: =IF(OR(A1010="",D1010=""),"",INT((D1010-A1010)*24)&" час "&ROUND(((D1010-A1010)*24-INT((D1010-A1010)*24))*60,0)&" минут")
F1011: =IF(OR(A1011="",D1011=""),"",INT((D1011-A1011)*24)&" час "&ROUND(((D1011-A1011)*24-INT((D1011-A1011)*24))*60,0)&" минут")
F1012: =IF(OR(A1012="",D1012=""),"",INT((D1012-A1012)*24)&" час "&ROUND(((D1012-A1012)*24-INT((D1012-A1012)*24))*60,0)&" минут")
... F1411: =IF(OR(A1411="",D1411=""),"",INT((D1411-A1411)*24)&" час "&ROUND(((D1411-A1411)*24-INT((D1411-A1411)*24))*60,0)&" минут")

Sheet Сортность
A1: Дата | B1: Неделя Дата | C1: Месяц Дата | D1: Сырье,% | E1: Промежуточный контроль,% | F1: Готовая ткань,% | G1: Недели | H1: Сырье Неделя,% | I1: Промежуточный контроль Неделя,% | J1: Готовая ткань Неделя,% | K1: Месяц | L1: Сырье Месяц,% | M1: Промежуточный контроль Месяц,% | N1: Готовая ткань Месяц,%
A2: 46023 | B2: =WEEKNUM(A2,2) -> 1 | C2: =MONTH(A2) -> 1 | G2: 1 | H2: =IFERROR(AVERAGE(D2:D5),"") | I2: =IFERROR(AVERAGE(E2:E5),"") | J2: =IFERROR(AVERAGE(F2:F5),"") | K2: Январь | L2: =IFERROR(AVERAGEIF($C:$C,1,D:D),"") | M2: =IFERROR(AVERAGEIF($C:$C,1,E:E),"") | N2: =IFERROR(AVERAGEIF($C:$C,1,F:F),"")
A3: 46024 | B3: =WEEKNUM(A3,2) -> 1 | C3: =MONTH(A3) -> 1 | G3: 2 | H3: =IFERROR(AVERAGE(INDEX(D:D,6+(ROW(A1)-1)*7):INDEX(D:D,12+(ROW(A1)-1)*7)),"") | I3: =IFERROR(AVERAGE(INDEX(E:E,6+(ROW(B1)-1)*7):INDEX(E:E,12+(ROW(B1)-1)*7)),"") | J3: =IFERROR(AVERAGE(INDEX(F:F,6+(ROW(C1)-1)*7):INDEX(F:F,12+(ROW(C1)-1)*7)),"") | K3: Февраль | L3: =IFERROR(AVERAGEIF($C:$C,2,D:D),"") | M3: =IFERROR(AVERAGEIF($C:$C,2,E:E),"") | N3: =IFERROR(AVERAGEIF($C:$C,2,F:F),"") -> 99.06
A4: 46025 | B4: =WEEKNUM(A4,2) -> 1 | C4: =MONTH(A4) -> 1 | G4: 3 | H4: =IFERROR(AVERAGE(INDEX(D:D,6+(ROW(A2)-1)*7):INDEX(D:D,12+(ROW(A2)-1)*7)),"") | I4: =IFERROR(AVERAGE(INDEX(E:E,6+(ROW(B2)-1)*7):INDEX(E:E,12+(ROW(B2)-1)*7)),"") | J4: =IFERROR(AVERAGE(INDEX(F:F,6+(ROW(C2)-1)*7):INDEX(F:F,12+(ROW(C2)-1)*7)),"") | K4: Март | L4: =IFERROR(AVERAGEIF($C:$C,3,D:D),"") -> 98.679286 | M4: =IFERROR(AVERAGEIF($C:$C,3,E:E),"") -> 93.616429 | N4: =IFERROR(AVERAGEIF($C:$C,3,F:F),"") -> 98.235
A5: 46026 | B5: =WEEKNUM(A5,2) -> 1 | C5: =MONTH(A5) -> 1 | G5: 4 | H5: =IFERROR(AVERAGE(INDEX(D:D,6+(ROW(A3)-1)*7):INDEX(D:D,12+(ROW(A3)-1)*7)),"") | I5: =IFERROR(AVERAGE(INDEX(E:E,6+(ROW(B3)-1)*7):INDEX(E:E,12+(ROW(B3)-1)*7)),"") | J5: =IFERROR(AVERAGE(INDEX(F:F,6+(ROW(C3)-1)*7):INDEX(F:F,12+(ROW(C3)-1)*7)),"") | K5: Апрель | L5: =IFERROR(AVERAGEIF($C:$C,4,D:D),"") | M5: =IFERROR(AVERAGEIF($C:$C,4,E:E),"") | N5: =IFERROR(AVERAGEIF($C:$C,4,F:F),"")
A6: 46027 | B6: =WEEKNUM(A6,2) -> 2 | C6: =MONTH(A6) -> 1 | G6: 5 | H6: =IFERROR(AVERAGE(INDEX(D:D,6+(ROW(A4)-1)*7):INDEX(D:D,12+(ROW(A4)-1)*7)),"") | I6: =IFERROR(AVERAGE(INDEX(E:E,6+(ROW(B4)-1)*7):INDEX(E:E,12+(ROW(B4)-1)*7)),"") | J6: =IFERROR(AVERAGE(INDEX(F:F,6+(ROW(C4)-1)*7):INDEX(F:F,12+(ROW(C4)-1)*7)),"") | K6: Май | L6: =IFERROR(AVERAGEIF($C:$C,5,D:D),"") | M6: =IFERROR(AVERAGEIF($C:$C,5,E:E),"") | N6: =IFERROR(AVERAGEIF($C:$C,5,F:F),"")
A7: 46028 | B7: =WEEKNUM(A7,2) -> 2 | C7: =MONTH(A7) -> 1 | G7: 6 | H7: =IFERROR(AVERAGE(INDEX(D:D,6+(ROW(A5)-1)*7):INDEX(D:D,12+(ROW(A5)-1)*7)),"") | I7: =IFERROR(AVERAGE(INDEX(E:E,6+(ROW(B5)-1)*7):INDEX(E:E,12+(ROW(B5)-1)*7)),"") | J7: =IFERROR(AVERAGE(INDEX(F:F,6+(ROW(C5)-1)*7):INDEX(F:F,12+(ROW(C5)-1)*7)),"") | K7: Июнь | L7: =IFERROR(AVERAGEIF($C:$C,6,D:D),"") | M7: =IFERROR(AVERAGEIF($C:$C,6,E:E),"") | N7: =IFERROR(AVERAGEIF($C:$C,6,F:F),"")
A8: 46029 | B8: =WEEKNUM(A8,2) -> 2 | C8: =MONTH(A8) -> 1 | G8: 7 | H8: =IFERROR(AVERAGE(INDEX(D:D,6+(ROW(A6)-1)*7):INDEX(D:D,12+(ROW(A6)-1)*7)),"") | I8: =IFERROR(AVERAGE(INDEX(E:E,6+(ROW(B6)-1)*7):INDEX(E:E,12+(ROW(B6)-1)*7)),"") | J8: =IFERROR(AVERAGE(INDEX(F:F,6+(ROW(C6)-1)*7):INDEX(F:F,12+(ROW(C6)-1)*7)),"") | K8: Июль | L8: =IFERROR(AVERAGEIF($C:$C,7,D:D),"") | M8: =IFERROR(AVERAGEIF($C:$C,7,E:E),"") | N8: =IFERROR(AVERAGEIF($C:$C,7,F:F),"")
A9: 46030 | B9: =WEEKNUM(A9,2) -> 2 | C9: =MONTH(A9) -> 1 | G9: 8 | H9: =IFERROR(AVERAGE(INDEX(D:D,6+(ROW(A7)-1)*7):INDEX(D:D,12+(ROW(A7)-1)*7)),"") | I9: =IFERROR(AVERAGE(INDEX(E:E,6+(ROW(B7)-1)*7):INDEX(E:E,12+(ROW(B7)-1)*7)),"") | J9: =IFERROR(AVERAGE(INDEX(F:F,6+(ROW(C7)-1)*7):INDEX(F:F,12+(ROW(C7)-1)*7)),"") | K9: Август | L9: =IFERROR(AVERAGEIF($C:$C,8,D:D),"") | M9: =IFERROR(AVERAGEIF($C:$C,8,E:E),"") | N9: =IFERROR(AVERAGEIF($C:$C,8,F:F),"")
A10: 46031 | B10: =WEEKNUM(A10,2) -> 2 | C10: =MONTH(A10) -> 1 | G10: 9 | H10: =IFERROR(AVERAGE(INDEX(D:D,6+(ROW(A8)-1)*7):INDEX(D:D,12+(ROW(A8)-1)*7)),"") | I10: =IFERROR(AVERAGE(INDEX(E:E,6+(ROW(B8)-1)*7):INDEX(E:E,12+(ROW(B8)-1)*7)),"") | J10: =IFERROR(AVERAGE(INDEX(F:F,6+(ROW(C8)-1)*7):INDEX(F:F,12+(ROW(C8)-1)*7)),"") -> 99.06 | K10: Сентябрь | L10: =IFERROR(AVERAGEIF($C:$C,9,D:D),"") | M10: =IFERROR(AVERAGEIF($C:$C,9,E:E),"") | N10: =IFERROR(AVERAGEIF($C:$C,9,F:F),"")
A11: 46032 | B11: =WEEKNUM(A11,2) -> 2 | C11: =MONTH(A11) -> 1 | G11: 10 | H11: =IFERROR(AVERAGE(INDEX(D:D,6+(ROW(A9)-1)*7):INDEX(D:D,12+(ROW(A9)-1)*7)),"") -> 99.432 | I11: =IFERROR(AVERAGE(INDEX(E:E,6+(ROW(B9)-1)*7):INDEX(E:E,12+(ROW(B9)-1)*7)),"") -> 89.736 | J11: =IFERROR(AVERAGE(INDEX(F:F,6+(ROW(C9)-1)*7):INDEX(F:F,12+(ROW(C9)-1)*7)),"") -> 97.766 | K11: Октябрь | L11: =IFERROR(AVERAGEIF($C:$C,10,D:D),"") | M11: =IFERROR(AVERAGEIF($C:$C,10,E:E),"") | N11: =IFERROR(AVERAGEIF($C:$C,10,F:F),"")
A12: 46033 | B12: =WEEKNUM(A12,2) -> 2 | C12: =MONTH(A12) -> 1 | G12: 11 | H12: =IFERROR(AVERAGE(INDEX(D:D,6+(ROW(A10)-1)*7):INDEX(D:D,12+(ROW(A10)-1)*7)),"") -> 97.158 | I12: =IFERROR(AVERAGE(INDEX(E:E,6+(ROW(B10)-1)*7):INDEX(E:E,12+(ROW(B10)-1)*7)),"") -> 93.722 | J12: =IFERROR(AVERAGE(INDEX(F:F,6+(ROW(C10)-1)*7):INDEX(F:F,12+(ROW(C10)-1)*7)),"") -> 98.516 | K12: Ноябрь | L12: =IFERROR(AVERAGEIF($C:$C,11,D:D),"") | M12: =IFERROR(AVERAGEIF($C:$C,11,E:E),"") | N12: =IFERROR(AVERAGEIF($C:$C,11,F:F),"")
A13: 46034 | B13: =WEEKNUM(A13,2) -> 3 | C13: =MONTH(A13) -> 1 | G13: 12 | H13: =IFERROR(AVERAGE(INDEX(D:D,6+(ROW(A11)-1)*7):INDEX(D:D,12+(ROW(A11)-1)*7)),"") -> 99.64 | I13: =IFERROR(AVERAGE(INDEX(E:E,6+(ROW(B11)-1)*7):INDEX(E:E,12+(ROW(B11)-1)*7)),"") -> 98.335 | J13: =IFERROR(AVERAGE(INDEX(F:F,6+(ROW(C11)-1)*7):INDEX(F:F,12+(ROW(C11)-1)*7)),"") -> 98.47 | K13: Декабрь | L13: =IFERROR(AVERAGEIF($C:$C,12,D:D),"") | M13: =IFERROR(AVERAGEIF($C:$C,12,E:E),"") | N13: =IFERROR(AVERAGEIF($C:$C,12,F:F),"")
A14: 46035 | B14: =WEEKNUM(A14,2) -> 3 | C14: =MONTH(A14) -> 1 | G14: 13 | H14: =IFERROR(AVERAGE(INDEX(D:D,6+(ROW(A12)-1)*7):INDEX(D:D,12+(ROW(A12)-1)*7)),"") | I14: =IFERROR(AVERAGE(INDEX(E:E,6+(ROW(B12)-1)*7):INDEX(E:E,12+(ROW(B12)-1)*7)),"") | J14: =IFERROR(AVERAGE(INDEX(F:F,6+(ROW(C12)-1)*7):INDEX(F:F,12+(ROW(C12)-1)*7)),"") | K14: 2026 | L14: =IFERROR(AVERAGE(L2:L13),"") -> 98.679286 | M14: =IFERROR(AVERAGE(M2:M13),"") -> 93.616429 | N14: =IFERROR(AVERAGE(N2:N13),"") -> 98.6475
A15: 46036 | B15: =WEEKNUM(A15,2) -> 3 | C15: =MONTH(A15) -> 1 | G15: 14 | H15: =IFERROR(AVERAGE(INDEX(D:D,6+(ROW(A13)-1)*7):INDEX(D:D,12+(ROW(A13)-1)*7)),"") | I15: =IFERROR(AVERAGE(INDEX(E:E,6+(ROW(B13)-1)*7):INDEX(E:E,12+(ROW(B13)-1)*7)),"") | J15: =IFERROR(AVERAGE(INDEX(F:F,6+(ROW(C13)-1)*7):INDEX(F:F,12+(ROW(C13)-1)*7)),"")
A16: 46037 | B16: =WEEKNUM(A16,2) -> 3 | C16: =MONTH(A16) -> 1 | G16: 15 | H16: =IFERROR(AVERAGE(INDEX(D:D,6+(ROW(A14)-1)*7):INDEX(D:D,12+(ROW(A14)-1)*7)),"") | I16: =IFERROR(AVERAGE(INDEX(E:E,6+(ROW(B14)-1)*7):INDEX(E:E,12+(ROW(B14)-1)*7)),"") | J16: =IFERROR(AVERAGE(INDEX(F:F,6+(ROW(C14)-1)*7):INDEX(F:F,12+(ROW(C14)-1)*7)),"")
A17: 46038 | B17: =WEEKNUM(A17,2) -> 3 | C17: =MONTH(A17) -> 1 | G17: 16 | H17: =IFERROR(AVERAGE(INDEX(D:D,6+(ROW(A15)-1)*7):INDEX(D:D,12+(ROW(A15)-1)*7)),"") | I17: =IFERROR(AVERAGE(INDEX(E:E,6+(ROW(B15)-1)*7):INDEX(E:E,12+(ROW(B15)-1)*7)),"") | J17: =IFERROR(AVERAGE(INDEX(F:F,6+(ROW(C15)-1)*7):INDEX(F:F,12+(ROW(C15)-1)*7)),"")
A18: 46039 | B18: =WEEKNUM(A18,2) -> 3 | C18: =MONTH(A18) -> 1 | G18: 17 | H18: =IFERROR(AVERAGE(INDEX(D:D,6+(ROW(A16)-1)*7):INDEX(D:D,12+(ROW(A16)-1)*7)),"") | I18: =IFERROR(AVERAGE(INDEX(E:E,6+(ROW(B16)-1)*7):INDEX(E:E,12+(ROW(B16)-1)*7)),"") | J18: =IFERROR(AVERAGE(INDEX(F:F,6+(ROW(C16)-1)*7):INDEX(F:F,12+(ROW(C16)-1)*7)),"")
A19: 46040 | B19: =WEEKNUM(A19,2) -> 3 | C19: =MONTH(A19) -> 1 | G19: 18 | H19: =IFERROR(AVERAGE(INDEX(D:D,6+(ROW(A17)-1)*7):INDEX(D:D,12+(ROW(A17)-1)*7)),"") | I19: =IFERROR(AVERAGE(INDEX(E:E,6+(ROW(B17)-1)*7):INDEX(E:E,12+(ROW(B17)-1)*7)),"") | J19: =IFERROR(AVERAGE(INDEX(F:F,6+(ROW(C17)-1)*7):INDEX(F:F,12+(ROW(C17)-1)*7)),"")
A20: 46041 | B20: =WEEKNUM(A20,2) -> 4 | C20: =MONTH(A20) -> 1 | G20: 19 | H20: =IFERROR(AVERAGE(INDEX(D:D,6+(ROW(A18)-1)*7):INDEX(D:D,12+(ROW(A18)-1)*7)),"") | I20: =IFERROR(AVERAGE(INDEX(E:E,6+(ROW(B18)-1)*7):INDEX(E:E,12+(ROW(B18)-1)*7)),"") | J20: =IFERROR(AVERAGE(INDEX(F:F,6+(ROW(C18)-1)*7):INDEX(F:F,12+(ROW(C18)-1)*7)),"")
A21: 46042 | B21: =WEEKNUM(A21,2) -> 4 | C21: =MONTH(A21) -> 1 | G21: 20 | H21: =IFERROR(AVERAGE(INDEX(D:D,6+(ROW(A19)-1)*7):INDEX(D:D,12+(ROW(A19)-1)*7)),"") | I21: =IFERROR(AVERAGE(INDEX(E:E,6+(ROW(B19)-1)*7):INDEX(E:E,12+(ROW(B19)-1)*7)),"") | J21: =IFERROR(AVERAGE(INDEX(F:F,6+(ROW(C19)-1)*7):INDEX(F:F,12+(ROW(C19)-1)*7)),"")
A22: 46043 | B22: =WEEKNUM(A22,2) -> 4 | C22: =MONTH(A22) -> 1 | G22: 21 | H22: =IFERROR(AVERAGE(INDEX(D:D,6+(ROW(A20)-1)*7):INDEX(D:D,12+(ROW(A20)-1)*7)),"") | I22: =IFERROR(AVERAGE(INDEX(E:E,6+(ROW(B20)-1)*7):INDEX(E:E,12+(ROW(B20)-1)*7)),"") | J22: =IFERROR(AVERAGE(INDEX(F:F,6+(ROW(C20)-1)*7):INDEX(F:F,12+(ROW(C20)-1)*7)),"")
A23: 46044 | B23: =WEEKNUM(A23,2) -> 4 | C23: =MONTH(A23) -> 1 | G23: 22 | H23: =IFERROR(AVERAGE(INDEX(D:D,6+(ROW(A21)-1)*7):INDEX(D:D,12+(ROW(A21)-1)*7)),"") | I23: =IFERROR(AVERAGE(INDEX(E:E,6+(ROW(B21)-1)*7):INDEX(E:E,12+(ROW(B21)-1)*7)),"") | J23: =IFERROR(AVERAGE(INDEX(F:F,6+(ROW(C21)-1)*7):INDEX(F:F,12+(ROW(C21)-1)*7)),"")
A24: 46045 | B24: =WEEKNUM(A24,2) -> 4 | C24: =MONTH(A24) -> 1 | G24: 23 | H24: =IFERROR(AVERAGE(INDEX(D:D,6+(ROW(A22)-1)*7):INDEX(D:D,12+(ROW(A22)-1)*7)),"") | I24: =IFERROR(AVERAGE(INDEX(E:E,6+(ROW(B22)-1)*7):INDEX(E:E,12+(ROW(B22)-1)*7)),"") | J24: =IFERROR(AVERAGE(INDEX(F:F,6+(ROW(C22)-1)*7):INDEX(F:F,12+(ROW(C22)-1)*7)),"")
A25: 46046 | B25: =WEEKNUM(A25,2) -> 4 | C25: =MONTH(A25) -> 1 | G25: 24 | H25: =IFERROR(AVERAGE(INDEX(D:D,6+(ROW(A23)-1)*7):INDEX(D:D,12+(ROW(A23)-1)*7)),"") | I25: =IFERROR(AVERAGE(INDEX(E:E,6+(ROW(B23)-1)*7):INDEX(E:E,12+(ROW(B23)-1)*7)),"") | J25: =IFERROR(AVERAGE(INDEX(F:F,6+(ROW(C23)-1)*7):INDEX(F:F,12+(ROW(C23)-1)*7)),"")
A26: 46047 | B26: =WEEKNUM(A26,2) -> 4 | C26: =MONTH(A26) -> 1 | G26: 25 | H26: =IFERROR(AVERAGE(INDEX(D:D,6+(ROW(A24)-1)*7):INDEX(D:D,12+(ROW(A24)-1)*7)),"") | I26: =IFERROR(AVERAGE(INDEX(E:E,6+(ROW(B24)-1)*7):INDEX(E:E,12+(ROW(B24)-1)*7)),"") | J26: =IFERROR(AVERAGE(INDEX(F:F,6+(ROW(C24)-1)*7):INDEX(F:F,12+(ROW(C24)-1)*7)),"")
... A54: 46075 | B54: =WEEKNUM(A54,2) -> 8 | C54: =MONTH(A54) -> 2 | G54: 53 | H54: =IFERROR(AVERAGE(INDEX(D:D,6+(ROW(A52)-1)*7):INDEX(D:D,12+(ROW(A52)-1)*7)),"") | I54: =IFERROR(AVERAGE(INDEX(E:E,6+(ROW(B52)-1)*7):INDEX(E:E,12+(ROW(B52)-1)*7)),"") | J54: =IFERROR(AVERAGE(INDEX(F:F,6+(ROW(C52)-1)*7):INDEX(F:F,12+(ROW(C52)-1)*7)),"")
A55: 46076 | B55: =WEEKNUM(A55,2) -> 9 | C55: =MONTH(A55) -> 2
A56: 46077 | B56: =WEEKNUM(A56,2) -> 9 | C56: =MONTH(A56) -> 2
A57: 46078 | B57: =WEEKNUM(A57,2) -> 9 | C57: =MONTH(A57) -> 2
A58: 46079 | B58: =WEEKNUM(A58,2) -> 9 | C58: =MONTH(A58) -> 2
A59: 46080 | B59: =WEEKNUM(A59,2) -> 9 | C59: =MONTH(A59) -> 2
A60: 46081 | B60: =WEEKNUM(A60,2) -> 9 | C60: =MONTH(A60) -> 2 | D60: * | E60: * | F60: 99.06
A61: 46082 | B61: =WEEKNUM(A61,2) -> 9 | C61: =MONTH(A61) -> 3
A62: 46083 | B62: =WEEKNUM(A62,2) -> 10 | C62: =MONTH(A62) -> 3 | D62: 99.98 | E62: 90.26 | F62: 98.82
A63: 46084 | B63: =WEEKNUM(A63,2) -> 10 | C63: =MONTH(A63) -> 3 | D63: 98.95 | E63: 78.07 | F63: 98.24
A64: 46085 | B64: =WEEKNUM(A64,2) -> 10 | C64: =MONTH(A64) -> 3 | D64: 99.63 | E64: 82.65 | F64: 98.27
A65: 46086 | B65: =WEEKNUM(A65,2) -> 10 | C65: =MONTH(A65) -> 3 | D65: 99.33 | E65: 98.19 | F65: 95.69
A66: 46087 | B66: =WEEKNUM(A66,2) -> 10 | C66: =MONTH(A66) -> 3 | D66: 99.27 | E66: 99.51 | F66: 97.81
A67: 46088 | B67: =WEEKNUM(A67,2) -> 10 | C67: =MONTH(A67) -> 3
A68: 46089 | B68: =WEEKNUM(A68,2) -> 10 | C68: =MONTH(A68) -> 3
A69: 46090 | B69: =WEEKNUM(A69,2) -> 11 | C69: =MONTH(A69) -> 3
A70: 46091 | B70: =WEEKNUM(A70,2) -> 11 | C70: =MONTH(A70) -> 3 | D70: 90.62 | E70: 99.31 | F70: 98.71
A71: 46092 | B71: =WEEKNUM(A71,2) -> 11 | C71: =MONTH(A71) -> 3 | D71: 99.97 | E71: 71.87 | F71: 98.54
A72: 46093 | B72: =WEEKNUM(A72,2) -> 11 | C72: =MONTH(A72) -> 3 | D72: 97.88 | E72: 100 | F72: 98.78
A73: 46094 | B73: =WEEKNUM(A73,2) -> 11 | C73: =MONTH(A73) -> 3 | D73: 99.28 | E73: 98.09 | F73: 98.37
A74: 46095 | B74: =WEEKNUM(A74,2) -> 11 | C74: =MONTH(A74) -> 3 | D74: 98.04 | E74: 99.34 | F74: 98.18
A75: 46096 | B75: =WEEKNUM(A75,2) -> 11 | C75: =MONTH(A75) -> 3
A76: 46097 | B76: =WEEKNUM(A76,2) -> 12 | C76: =MONTH(A76) -> 3 | D76: 98.94 | E76: 97.34 | F76: 97.86
A77: 46098 | B77: =WEEKNUM(A77,2) -> 12 | C77: =MONTH(A77) -> 3 | D77: 99.99 | E77: 96.88 | F77: 98.44
A78: 46099 | B78: =WEEKNUM(A78,2) -> 12 | C78: =MONTH(A78) -> 3 | D78: 99.79 | E78: 99.89 | F78: 98.45
A79: 46100 | B79: =WEEKNUM(A79,2) -> 12 | C79: =MONTH(A79) -> 3 | D79: 99.84 | E79: 99.23 | F79: 99.13
A80: 46101 | B80: =WEEKNUM(A80,2) -> 12 | C80: =MONTH(A80) -> 3
A81: 46102 | B81: =WEEKNUM(A81,2) -> 12 | C81: =MONTH(A81) -> 3
A82: 46103 | B82: =WEEKNUM(A82,2) -> 12 | C82: =MONTH(A82) -> 3
A83: 46104 | B83: =WEEKNUM(A83,2) -> 13 | C83: =MONTH(A83) -> 3
A84: 46105 | B84: =WEEKNUM(A84,2) -> 13 | C84: =MONTH(A84) -> 3
A85: 46106 | B85: =WEEKNUM(A85,2) -> 13 | C85: =MONTH(A85) -> 3
A86: 46107 | B86: =WEEKNUM(A86,2) -> 13 | C86: =MONTH(A86) -> 3
A87: 46108 | B87: =WEEKNUM(A87,2) -> 13 | C87: =MONTH(A87) -> 3
A88: 46109 | B88: =WEEKNUM(A88,2) -> 13 | C88: =MONTH(A88) -> 3
A89: 46110 | B89: =WEEKNUM(A89,2) -> 13 | C89: =MONTH(A89) -> 3
A90: 46111 | B90: =WEEKNUM(A90,2) -> 14 | C90: =MONTH(A90) -> 3
A91: 46112 | B91: =WEEKNUM(A91,2) -> 14 | C91: =MONTH(A91) -> 3
... A366: 46387 | B366: =WEEKNUM(A366,2) -> 53 | C366: =MONTH(A366) -> 12

Sheet График ТО обоудования
A1: График проведения технического обслуживания оборудования и вспомогательных средст механизации на Январь 2026г. | V1: График проведения технического обслуживания оборудования и вспомогательных средст механизации на Февраль 2026г. | AQ1: График проведения технического обслуживания оборудования и вспомогательных средст механизации на Март 2026г.
A2: Наименование оборудования | B2: 1 неделя | G2: 2 неделя | L2: 3 неделя | Q2: 4 неделя | V2: Наименование оборудования | W2: 1 неделя | AB2: 2 неделя | AG2: 3 неделя | AL2: 4 неделя | AQ2: Наименование оборудования | AR2: 1 неделя | AW2: 2 неделя | BB2: 3 неделя | BG2: 4 неделя
B3: пн | C3: вт | D3: ср | E3: чт | F3: пт | G3: пн | H3: вт | I3: ср | J3: чт | K3: пт | L3: пн | M3: вт | N3: ср | O3: чт | P3: пт | Q3: пн | R3: вт | S3: ср | T3: чт | U3: пт | W3: пн | X3: вт | Y3: ср | Z3: чт | AA3: пт | AB3: пн | AC3: вт | AD3: ср | AE3: чт | AF3: пт | AG3: пн | AH3: вт | AI3: ср | AJ3: чт | AK3: пт | AL3: пн | AM3: вт | AN3: ср | AO3: чт | AP3: пт | AR3: пн | AS3: вт | AT3: ср | AU3: чт | AV3: пт | AW3: пн | AX3: вт | AY3: ср | AZ3: чт | BA3: пт | BB3: пн | BC3: вт | BD3: ср | BE3: чт | BF3: пт | BG3: пн | BH3: вт | BI3: ср | BJ3: чт | BK3: пт
A4: Бондинг 2 | B4: Факт | V4: Бондинг 2 | W4: Факт | AQ4: Бондинг 2 | AR4: Факт
A5: Бондинг 3 | C5: Факт | V5: Бондинг 3 | X5: Факт | AQ5: Бондинг 3 | AS5: Факт
A6: Бондинг 4 | D6: Факт | V6: Бондинг 4 | Y6: Факт | AQ6: Бондинг 4 | AT6: Факт
A7: Визуальный осмотр подвижных частей и механизмов. Смазка подвижных частей и подшипников. Осмотр пневмолинии, пневмооборудования и гидрооборудования. | V7: Визуальный осмотр подвижных частей и механизмов. Смазка подвижных частей и подшипников. Осмотр пневмолинии, пневмооборудования и гидрооборудования. | AQ7: Визуальный осмотр подвижных частей и механизмов. Смазка подвижных частей и подшипников. Осмотр пневмолинии, пневмооборудования и гидрооборудования.
A8: Упаковочная машина | E8: Факт | V8: Упаковочная машина | Z8: Факт | AQ8: Упаковочная машина | AU8: Факт
A9: Визуальный осмотр подвижных частей и механизмов. Смазка подвижных частей и подшипников. Осмотр пневмолинии, пневмооборудования и гидрооборудования. | V9: Визуальный осмотр подвижных частей и механизмов. Смазка подвижных частей и подшипников. Осмотр пневмолинии, пневмооборудования и гидрооборудования. | AQ9: Визуальный осмотр подвижных частей и механизмов. Смазка подвижных частей и подшипников. Осмотр пневмолинии, пневмооборудования и гидрооборудования.
A10: Машина ОТК 1 | F10: Факт | G10: Факт | V10: Машина ОТК 1 | AA10: Факт | AB10: Факт | AQ10: Машина ОТК 1 | AV10: Факт | AW10: Факт
A11: Машина ОТК 2 | F11: Факт | G11: Факт | V11: Машина ОТК 2 | AA11: Факт | AB11: Факт | AQ11: Машина ОТК 2 | AV11: Факт | AW11: Факт
A12: Машина ОТК 3 | F12: Факт | G12: Факт | V12: Машина ОТК 3 | AA12: Факт | AB12: Факт | AQ12: Машина ОТК 3 | AV12: Факт | AW12: Факт
A13: Машина ОТК 4 | F13: Факт | G13: Факт | V13: Машина ОТК 4 | AA13: Факт | AB13: Факт | AQ13: Машина ОТК 4 | AV13: Факт | AW13: Факт
A14: Машина ОТК 5 | F14: Факт | G14: Факт | V14: Машина ОТК 5 | AA14: Факт | AB14: Факт | AQ14: Машина ОТК 5 | AV14: Факт | AW14: Факт
A15: Машина ОТК 6 | F15: Факт | G15: Факт | V15: Машина ОТК 6 | AA15: Факт | AB15: Факт | AQ15: Машина ОТК 6 | AV15: Факт | AW15: Факт
A16: Машина настила 1 | F16: Факт | G16: Факт | V16: Машина настила 1 | AA16: Факт | AB16: Факт | AQ16: Машина настила 1 | AV16: Факт | AW16: Факт
A17: Машина настила 2 | F17: Факт | G17: Факт | V17: Машина настила 2 | AA17: Факт | AB17: Факт | AQ17: Машина настила 2 | AV17: Факт | AW17: Факт
A18: Визуальный осмотр подвижных частей и механизмов. Смазка подвижных частей и подшипников. Осмотр пневмолинии, пневмооборудования и гидрооборудования. | V18: Визуальный осмотр подвижных частей и механизмов. Смазка подвижных частей и подшипников. Осмотр пневмолинии, пневмооборудования и гидрооборудования. | AQ18: Визуальный осмотр подвижных частей и механизмов. Смазка подвижных частей и подшипников. Осмотр пневмолинии, пневмооборудования и гидрооборудования.
A19: Вентустановка | H19: Факт | I19: Факт | V19: Вентустановка | AC19: Факт | AD19: Факт | AQ19: Вентустановка | AX19: Факт | AY19: Факт
A20: Оборудование водоподготовки | H20: Факт | I20: Факт | V20: Оборудование водоподготовки | AC20: Факт | AD20: Факт | AQ20: Оборудование водоподготовки | AX20: Факт | AY20: Факт
A21: Чиллер | H21: Факт | I21: Факт | V21: Чиллер | AC21: Факт | AD21: Факт | AQ21: Чиллер | AX21: Факт | AY21: Факт
A22: Компрессор и осушитель | H22: Факт | I22: Факт | V22: Компрессор и осушитель | AC22: Факт | AD22: Факт | AQ22: Компрессор и осушитель | AX22: Факт | AY22: Факт
A23: Жгутовой котел (малый) | J23: Факт | K23: Факт | V23: Жгутовой котел (малый) | AE23: Факт | AF23: Факт | AQ23: Жгутовой котел (малый) | AZ23: Факт | BA23: Факт
A24: Дегидратор (отжим флиса) | J24: Факт | K24: Факт | V24: Дегидратор (отжим флиса) | AE24: Факт | AF24: Факт | AQ24: Дегидратор (отжим флиса) | AZ24: Факт | BA24: Факт
A25: Жгутовой котёл (джет) | J25: Факт | K25: Факт | V25: Жгутовой котёл (джет) | AE25: Факт | AF25: Факт | AQ25: Жгутовой котёл (джет) | AZ25: Факт | BA25: Факт
A26: Джиггер 1 | J26: Факт | K26: Факт | V26: Джиггер 1 | AE26: Факт | AF26: Факт | AQ26: Джиггер 1 | AZ26: Факт | BA26: Факт
A27: Джиггер 2 | J27: Факт | K27: Факт | V27: Джиггер 2 | AE27: Факт | AF27: Факт | AQ27: Джиггер 2 | AZ27: Факт | BA27: Факт
A28: Визуальный осмотр подвижных частей и механизмов. Смазка подвижных частей и подшипников. Осмотр пневмолинии, пневмооборудования и гидрооборудования. | V28: Визуальный осмотр подвижных частей и механизмов. Смазка подвижных частей и подшипников. Осмотр пневмолинии, пневмооборудования и гидрооборудования. | AQ28: Визуальный осмотр подвижных частей и механизмов. Смазка подвижных частей и подшипников. Осмотр пневмолинии, пневмооборудования и гидрооборудования.
A29: Машина тумблирования №1 | L29: Факт | M29: Факт | V29: Машина тумблирования №1 | AG29: Факт | AH29: Факт | AQ29: Машина тумблирования №1 | BB29: Факт | BC29: Факт
A30: Машина тумблирования №2 | L30: Факт | M30: Факт | V30: Машина тумблирования №2 | AG30: Факт | AH30: Факт | AQ30: Машина тумблирования №2 | BB30: Факт | BC30: Факт
A31: Машина жгуторазбоя | L31: Факт | M31: Факт | V31: Машина жгуторазбоя | AG31: Факт | AH31: Факт | AQ31: Машина жгуторазбоя | BB31: Факт | BC31: Факт
A32: Машина ворсования флиса-3шт. | L32: Факт | M32: Факт | V32: Машина ворсования флиса-3шт. | AG32: Факт | AH32: Факт | AQ32: Машина ворсования флиса-3шт. | BB32: Факт | BC32: Факт
A33: Машина чесания флиса | L33: Факт | M33: Факт | V33: Машина чесания флиса | AG33: Факт | AH33: Факт | AQ33: Машина чесания флиса | BB33: Факт | BC33: Факт
A34: Машина стрижки флиса | L34: Факт | M34: Факт | V34: Машина стрижки флиса | AG34: Факт | AH34: Факт | AQ34: Машина стрижки флиса | BB34: Факт | BC34: Факт
A35: Оборудование вытяжной вентиляции циклон (флис) | L35: Факт | M35: Факт | V35: Оборудование вытяжной вентиляции циклон (флис) | AG35: Факт | AH35: Факт | AQ35: Оборудование вытяжной вентиляции циклон (флис) | BB35: Факт | BC35: Факт
A36: Визуальный осмотр подвижных частей и механизмов. Смазка подвижных частей и подшипников. Осмотр пневмолинии, пневмооборудования и гидрооборудования. | V36: Визуальный осмотр подвижных частей и механизмов. Смазка подвижных частей и подшипников. Осмотр пневмолинии, пневмооборудования и гидрооборудования. | AQ36: Визуальный осмотр подвижных частей и механизмов. Смазка подвижных частей и подшипников. Осмотр пневмолинии, пневмооборудования и гидрооборудования.
A37: Каландр (Колотилова) | N37: Факт | O37: Факт | V37: Каландр (Колотилова) | AI37: Факт | AJ37: Факт | AQ37: Каландр (Колотилова) | BD37: План | BE37: План
A38: Машина валовой печати (Колотилова) | N38: Факт | O38: Факт | V38: Машина валовой печати (Колотилова) | AI38: Факт | AJ38: Факт | AQ38: Машина валовой печати (Колотилова) | BD38: План | BE38: План
A39: Чиллер (Колотилова) | N39: Факт | O39: Факт | V39: Чиллер (Колотилова) | AI39: Факт | AJ39: Факт | AQ39: Чиллер (Колотилова) | BD39: План | BE39: План
A40: Вентустановка №1, №2 (Колотилова) | N40: Факт | O40: Факт | V40: Вентустановка №1, №2 (Колотилова) | AI40: Факт | AJ40: Факт | AQ40: Вентустановка №1, №2 (Колотилова) | BD40: План | BE40: План
A41: Компрессор и рессивер (Колотилова) | N41: Факт | O41: Факт | V41: Компрессор и рессивер (Колотилова) | AI41: Факт | AJ41: Факт | AQ41: Компрессор и рессивер (Колотилова) | BD41: План | BE41: План
A42: Пеллетный котел (Колотилова) | N42: Факт | O42: Факт | V42: Пеллетный котел (Колотилова) | AI42: Факт | AJ42: Факт | AQ42: Пеллетный котел (Колотилова) | BD42: План | BE42: План
A43: Кругловязальные машины (Колотилова) | N43: Факт | O43: Факт | V43: Кругловязальные машины (Колотилова) | AI43: Факт | AJ43: Факт | AQ43: Кругловязальные машины (Колотилова) | BD43: План | BE43: План
A44: Визуальный осмотр подвижных частей и механизмов. Смазка подвижных частей и подшипников. | V44: Визуальный осмотр подвижных частей и механизмов. Смазка подвижных частей и подшипников. | AQ44: Визуальный осмотр подвижных частей и механизмов. Смазка подвижных частей и подшипников.
A45: Экструдер | P45: Факт | Q45: Факт | R45: Факт | V45: Экструдер | AK45: Факт | AL45: Факт | AM45: Факт | AQ45: Экструдер | BF45: План | BG45: План | BH45: План
A46: Визуальный осмотр подвижных частей и механизмов. Смазка подвижных частей и подшипников. Осмотр пневмолинии, пневмооборудования и гидрооборудования. | V46: Визуальный осмотр подвижных частей и механизмов. Смазка подвижных частей и подшипников. Осмотр пневмолинии, пневмооборудования и гидрооборудования. | AQ46: Визуальный осмотр подвижных частей и механизмов. Смазка подвижных частей и подшипников. Осмотр пневмолинии, пневмооборудования и гидрооборудования.
A47: Штабелер 1 | S47: Факт | T47: Факт | V47: Штабелер 1 | AN47: Факт | AO47: Факт | AQ47: Штабелер 1 | BI47: План | BJ47: План
A48: Штабелер 2 | S48: Факт | T48: Факт | V48: Штабелер 2 | AN48: Факт | AO48: Факт | AQ48: Штабелер 2 | BI48: План | BJ48: План
A49: Штабелер 3 | S49: Факт | T49: Факт | V49: Штабелер 3 | AN49: Факт | AO49: Факт | AQ49: Штабелер 3 | BI49: План | BJ49: План
A50: Штабелер 4 | S50: Факт | T50: Факт | V50: Штабелер 4 | AN50: Факт | AO50: Факт | AQ50: Штабелер 4 | BI50: План | BJ50: План
A51: Рохля -8шт. | S51: Факт | T51: Факт | V51: Рохля -8шт. | AN51: Факт | AO51: Факт | AQ51: Рохля -8шт. | BI51: План | BJ51: План
A52: Электророхли-2шт. | S52: Факт | T52: Факт | V52: Электророхли-2шт. | AN52: Факт | AO52: Факт | AQ52: Электророхли-2шт. | BI52: План | BJ52: План
A53: Электроштабелёр-2шт | S53: Факт | T53: Факт | V53: Электроштабелёр-2шт | AN53: Факт | AO53: Факт | AQ53: Электроштабелёр-2шт | BI53: План | BJ53: План
A54: Ричтрак | S54: Факт | T54: Факт | V54: Ричтрак | AN54: Факт | AO54: Факт | AQ54: Ричтрак | BI54: План | BJ54: План
A55: Визуальный осмотр подвижныъ частей. Проверка гидравлики. Чистка и смазка колес. | V55: Визуальный осмотр подвижныъ частей. Проверка гидравлики. Чистка и смазка колес. | AQ55: Визуальный осмотр подвижныъ частей. Проверка гидравлики. Чистка и смазка колес.
A56: СШМ | S56: Факт | T56: Факт | U56: Факт | V56: СШМ | AN56: Факт | AO56: Факт | AP56: Факт | AQ56: СШМ | BI56: План | BJ56: План | BK56: План
A57: Визуальный осмотр подвижных частей и механизмов. Смазка подвижных частей и подшипников. Осмотр пневмолинии, пневмооборудования и гидрооборудования. | V57: Визуальный осмотр подвижных частей и механизмов. Смазка подвижных частей и подшипников. Осмотр пневмолинии, пневмооборудования и гидрооборудования. | AQ57: Визуальный осмотр подвижных частей и механизмов. Смазка подвижных частей и подшипников. Осмотр пневмолинии, пневмооборудования и гидрооборудования.
A58: График проведения технического обслуживания оборудования и вспомогательных средст механизации на Апрель 2026г. | V58: График проведения технического обслуживания оборудования и вспомогательных средст механизации на Май 2026г. | AQ58: График проведения технического обслуживания оборудования и вспомогательных средст механизации на Июнь 2026г.
A59: Наименование оборудования | B59: 1 неделя | G59: 2 неделя | L59: 3 неделя | Q59: 4 неделя | V59: Наименование оборудования | W59: 1 неделя | AB59: 2 неделя | AG59: 3 неделя | AL59: 4 неделя | AQ59: Наименование оборудования | AR59: 1 неделя | AW59: 2 неделя | BB59: 3 неделя | BG59: 4 неделя
B60: пн | C60: вт | D60: ср | E60: чт | F60: пт | G60: пн | H60: вт | I60: ср | J60: чт | K60: пт | L60: пн | M60: вт | N60: ср | O60: чт | P60: пт | Q60: пн | R60: вт | S60: ср | T60: чт | U60: пт | W60: пн | X60: вт | Y60: ср | Z60: чт | AA60: пт | AB60: пн | AC60: вт | AD60: ср | AE60: чт | AF60: пт | AG60: пн | AH60: вт | AI60: ср | AJ60: чт | AK60: пт | AL60: пн | AM60: вт | AN60: ср | AO60: чт | AP60: пт | AR60: пн | AS60: вт | AT60: ср | AU60: чт | AV60: пт | AW60: пн | AX60: вт | AY60: ср | AZ60: чт | BA60: пт | BB60: пн | BC60: вт | BD60: ср | BE60: чт | BF60: пт | BG60: пн | BH60: вт | BI60: ср | BJ60: чт | BK60: пт
A61: Бондинг 2 | B61: План | V61: Бондинг 2 | W61: План | AQ61: Бондинг 2 | AR61: План
A62: Бондинг 3 | C62: План | V62: Бондинг 3 | X62: План | AQ62: Бондинг 3 | AS62: План
A63: Бондинг 4 | D63: План | V63: Бондинг 4 | Y63: План | AQ63: Бондинг 4 | AT63: План
A64: Визуальный осмотр подвижных частей и механизмов. Смазка подвижных частей и подшипников. Осмотр пневмолинии, пневмооборудования и гидрооборудования. | V64: Визуальный осмотр подвижных частей и механизмов. Смазка подвижных частей и подшипников. Осмотр пневмолинии, пневмооборудования и гидрооборудования. | AQ64: Визуальный осмотр подвижных частей и механизмов. Смазка подвижных частей и подшипников. Осмотр пневмолинии, пневмооборудования и гидрооборудования.
A65: Упаковочная машина | E65: План | V65: Упаковочная машина | Z65: План | AQ65: Упаковочная машина | AU65: План
A66: Визуальный осмотр подвижных частей и механизмов. Смазка подвижных частей и подшипников. Осмотр пневмолинии, пневмооборудования и гидрооборудования. | V66: Визуальный осмотр подвижных частей и механизмов. Смазка подвижных частей и подшипников. Осмотр пневмолинии, пневмооборудования и гидрооборудования. | AQ66: Визуальный осмотр подвижных частей и механизмов. Смазка подвижных частей и подшипников. Осмотр пневмолинии, пневмооборудования и гидрооборудования.
A67: Машина ОТК 1 | F67: План | G67: План | V67: Машина ОТК 1 | AA67: План | AB67: План | AQ67: Машина ОТК 1 | AV67: План | AW67: План
A68: Машина ОТК 2 | F68: План | G68: План | V68: Машина ОТК 2 | AA68: План | AB68: План | AQ68: Машина ОТК 2 | AV68: План | AW68: План
A69: Машина ОТК 3 | F69: План | G69: План | V69: Машина ОТК 3 | AA69: План | AB69: План | AQ69: Машина ОТК 3 | AV69: План | AW69: План
A70: Машина ОТК 4 | F70: План | G70: План | V70: Машина ОТК 4 | AA70: План | AB70: План | AQ70: Машина ОТК 4 | AV70: План | AW70: План
A71: Машина ОТК 5 | F71: План | G71: План | V71: Машина ОТК 5 | AA71: План | AB71: План | AQ71: Машина ОТК 5 | AV71: План | AW71: План
A72: Машина ОТК 6 | F72: План | G72: План | V72: Машина ОТК 6 | AA72: План | AB72: План | AQ72: Машина ОТК 6 | AV72: План | AW72: План
A73: Машина настила 1 | F73: План | G73: План | V73: Машина настила 1 | AA73: План | AB73: План | AQ73: Машина настила 1 | AV73: План | AW73: План
A74: Машина настила 2 | F74: План | G74: План | V74: Машина настила 2 | AA74: План | AB74: План | AQ74: Машина настила 2 | AV74: План | AW74: План
A75: Визуальный осмотр подвижных частей и механизмов. Смазка подвижных частей и подшипников. Осмотр пневмолинии, пневмооборудования и гидрооборудования. | V75: Визуальный осмотр подвижных частей и механизмов. Смазка подвижных частей и подшипников. Осмотр пневмолинии, пневмооборудования и гидрооборудования. | AQ75: Визуальный осмотр подвижных частей и механизмов. Смазка подвижных частей и подшипников. Осмотр пневмолинии, пневмооборудования и гидрооборудования.
A76: Вентустановка | H76: План | I76: План | V76: Вентустановка | AC76: План | AD76: План | AQ76: Вентустановка | AX76: План | AY76: План
A77: Оборудование водоподготовки | H77: План | I77: План | V77: Оборудование водоподготовки | AC77: План | AD77: План | AQ77: Оборудование водоподготовки | AX77: План | AY77: План
A78: Чиллер | H78: План | I78: План | V78: Чиллер | AC78: План | AD78: План | AQ78: Чиллер | AX78: План | AY78: План
A79: Компрессор и осушитель | H79: План | I79: План | V79: Компрессор и осушитель | AC79: План | AD79: План | AQ79: Компрессор и осушитель | AX79: План | AY79: План
A80: Жгутовой котел (малый) | J80: План | K80: План | V80: Жгутовой котел (малый) | AE80: План | AF80: План | AQ80: Жгутовой котел (малый) | AZ80: План | BA80: План
A81: Дегидратор (отжим флиса) | J81: План | K81: План | V81: Дегидратор (отжим флиса) | AE81: План | AF81: План | AQ81: Дегидратор (отжим флиса) | AZ81: План | BA81: План
A82: Жгутовой котёл (джет) | J82: План | K82: План | V82: Жгутовой котёл (джет) | AE82: План | AF82: План | AQ82: Жгутовой котёл (джет) | AZ82: План | BA82: План
A83: Джиггер 1 | J83: План | K83: План | V83: Джиггер 1 | AE83: План | AF83: План | AQ83: Джиггер 1 | AZ83: План | BA83: План
A84: Джиггер 2 | J84: План | K84: План | V84: Джиггер 2 | AE84: План | AF84: План | AQ84: Джиггер 2 | AZ84: План | BA84: План
A85: Визуальный осмотр подвижных частей и механизмов. Смазка подвижных частей и подшипников. Осмотр пневмолинии, пневмооборудования и гидрооборудования. | V85: Визуальный осмотр подвижных частей и механизмов. Смазка подвижных частей и подшипников. Осмотр пневмолинии, пневмооборудования и гидрооборудования. | AQ85: Визуальный осмотр подвижных частей и механизмов. Смазка подвижных частей и подшипников. Осмотр пневмолинии, пневмооборудования и гидрооборудования.
A86: Машина тумблирования №1 | L86: План | M86: План | V86: Машина тумблирования №1 | AG86: План | AH86: План | AQ86: Машина тумблирования №1 | BB86: План | BC86: План
A87: Машина тумблирования №2 | L87: План | M87: План | V87: Машина тумблирования №2 | AG87: План | AH87: План | AQ87: Машина тумблирования №2 | BB87: План | BC87: План
A88: Машина жгуторазбоя | L88: План | M88: План | V88: Машина жгуторазбоя | AG88: План | AH88: План | AQ88: Машина жгуторазбоя | BB88: План | BC88: План
A89: Машина ворсования флиса-3шт. | L89: План | M89: План | V89: Машина ворсования флиса-3шт. | AG89: План | AH89: План | AQ89: Машина ворсования флиса-3шт. | BB89: План | BC89: План
A90: Машина чесания флиса | L90: План | M90: План | V90: Машина чесания флиса | AG90: План | AH90: План | AQ90: Машина чесания флиса | BB90: План | BC90: План
A91: Машина стрижки флиса | L91: План | M91: План | V91: Машина стрижки флиса | AG91: План | AH91: План | AQ91: Машина стрижки флиса | BB91: План | BC91: План
A92: Оборудование вытяжной вентиляции циклон (флис) | L92: План | M92: План | V92: Оборудование вытяжной вентиляции циклон (флис) | AG92: План | AH92: План | AQ92: Оборудование вытяжной вентиляции циклон (флис) | BB92: План | BC92: План
A93: Визуальный осмотр подвижных частей и механизмов. Смазка подвижных частей и подшипников. Осмотр пневмолинии, пневмооборудования и гидрооборудования. | V93: Визуальный осмотр подвижных частей и механизмов. Смазка подвижных частей и подшипников. Осмотр пневмолинии, пневмооборудования и гидрооборудования. | AQ93: Визуальный осмотр подвижных частей и механизмов. Смазка подвижных частей и подшипников. Осмотр пневмолинии, пневмооборудования и гидрооборудования.
A94: Каландр (Колотилова) | N94: План | O94: План | V94: Каландр (Колотилова) | AI94: План | AJ94: План | AQ94: Каландр (Колотилова) | BD94: План | BE94: План
A95: Машина валовой печати (Колотилова) | N95: План | O95: План | V95: Машина валовой печати (Колотилова) | AI95: План | AJ95: План | AQ95: Машина валовой печати (Колотилова) | BD95: План | BE95: План
A96: Чиллер (Колотилова) | N96: План | O96: План | V96: Чиллер (Колотилова) | AI96: План | AJ96: План | AQ96: Чиллер (Колотилова) | BD96: План | BE96: План
A97: Вентустановка №1, №2 (Колотилова) | N97: План | O97: План | V97: Вентустановка №1, №2 (Колотилова) | AI97: План | AJ97: План | AQ97: Вентустановка №1, №2 (Колотилова) | BD97: План | BE97: План
A98: Компрессор и рессивер (Колотилова) | N98: План | O98: План | V98: Компрессор и рессивер (Колотилова) | AI98: План | AJ98: План | AQ98: Компрессор и рессивер (Колотилова) | BD98: План | BE98: План
A99: Пеллетный котел (Колотилова) | N99: План | O99: План | V99: Пеллетный котел (Колотилова) | AI99: План | AJ99: План | AQ99: Пеллетный котел (Колотилова) | BD99: План | BE99: План
A100: Кругловязальные машины (Колотилова) | N100: План | O100: План | V100: Кругловязальные машины (Колотилова) | AI100: План | AJ100: План | AQ100: Кругловязальные машины (Колотилова) | BD100: План | BE100: План
...

Sheet Чистота_Порядок
B1: ОТК | C1: Б2 | D1: Б3 | E1: Б4 | F1: Крашение | G1: СШМ | H1: Лабдип | I1: Мембрана | J1: Ворсование | K1: Тумблирование | L1: Вязание | M1: Ленты | N1: Склад ГП | O1: Склад сырья | P1: Лаборатория | Q1: Печать(ЦП+ВП) | R1: Техническое обслуживание чистоты
A2: Январь | B2: 5 | C2: 5 | D2: 5 | E2: 5 | F2: 5 | G2: 5 | H2: 5 | I2: 5 | J2: 5 | K2: 5 | L2: 5 | M2: 5 | N2: 5 | O2: 5 | P2: 5 | Q2: 5 | R2: 5
A3: Февраль | B3: 4.4 | C3: 4.3 | D3: 4.2 | E3: 4.3 | F3: 4.3 | G3: 4.3 | H3: 4.3 | I3: 4.4 | J3: 4.4 | K3: 4.3 | L3: 4.9 | M3: 4.4 | N3: 4.8 | O3: 4.8 | P3: 4.9 | Q3: 5 | R3: 5
A4: Март
A5: Апрель
A6: Май
A7: Июнь
A8: Июль
A9: Август
A10: Сентябрь
A11: Октябрь
A12: Ноябрь
A13: Декабрь

Sheet ВЭД_ТМЦ
A1: № | B1: внутр № | C1: пик | D1: Ткань | E1: Цвет | F1: Кол-во в заказе | G1: Кол-во факт | I1: Дата прихода (план) | J1: Дата прихода (факт) | K1: Дата постановки задачи | L1: Отклонение (дни) | M1: Отклонение (%) | N1: Месяц | O1: Задача | P1: Дата поставки (неделя) | Q1: 40 | R1: 41 | S1: 42 | T1: 43 | U1: 44 | V1: 45 | W1: 46 | X1: 47 | Y1: 48 | Z1: 49 | AA1: 50 | AB1: 51 | AC1: 52 | AD1: 1 | AE1: 2 | AF1: 3 | AG1: 4 | AH1: 5 | AI1: 6 | AJ1: 7 | AK1: 8 | AL1: 9 | AM1: 10 | AN1: 11 | AO1: 12 | AP1: 13 | AQ1: 14 | AR1: 15 | AS1: 16 | AT1: 17 | AU1: 18 | AV1: 19 | AW1: 20 | AX1: 21 | AY1: 22 | AZ1: 23 | BA1: 24 | BB1: 25 | BC1: 26 | BD1: 27 | BE1: 28 | BF1: 29 | BG1: 30 | BH1: 31 | BI1: 32 | BJ1: 33 | BK1: 34 | BL1: 35 | BM1: 36 | BN1: 37 | BO1: 38 | BP1: 39 | BQ1: 40 | BR1: 41 | BS1: 42 | BT1: 43 | BU1: 44 | BV1: 45 | BW1: 46 | BX1: 47 | BY1: 48 | BZ1: 49 | CA1: 50 | CB1: 51 | CC1: 52 | CD1: 1 | CE1: 2 | CF1: 3 | CG1: 4 | CH1: 5 | CI1: 6 | CJ1: 7 | CK1: 8 | CL1: 9 | CM1: 10 | CN1: 11 | CO1: 12 | CP1: 13 | CQ1: 14 | CR1: 15 | CS1: 16 | CT1: 17 | CU1: 18 | CV1: 19 | CW1: 20 | CX1: 21 | CY1: 22 | CZ1: 23 | DA1: 24 | DB1: 25 | DC1: 26 | DD1: 27 | DE1: 28 | DF1: 29 | DG1: 30 | DH1: 31 | DI1: 32 | DJ1: 33 | DK1: 34 | DL1: 35 | DM1: 36 | DN1: 37 | DO1: 38 | DP1: 39 | DQ1: 40 | DR1: 41 | DS1: 42 | DT1: 43 | DU1: 44 | DV1: 45 | DW1: 46 | DX1: 47 | DY1: 48 | DZ1: 49 | EA1: 50 | EB1: 51 | EC1: 52 | ED1: 1 | EE1: 2 | EF1: 3 | EG1: 4 | EH1: 5 | EI1: 6 | EJ1: 7 | EK1: 8 | EL1: 9 | EM1: 10 | EN1: 11 | EO1: 12 | EP1: 13 | EQ1: 14 | ER1: 15 | ES1: 16 | ET1: 17 | EU1: 18 | EV1: 19 | EW1: 20 | EX1: 21 | EY1: 22 | EZ1: 23 | FA1: 24 | FB1: 25 | FC1: 26 | FD1: 27 | FE1: 28 | FF1: 29 | FG1: 30 | FH1: 31 | FI1: 32 | FJ1: 33 | FK1: 34 | FL1: 35 | FM1: 36 | FN1: 37 | FO1: 38 | FP1: 39 | FQ1: 40 | FR1: 41 | FS1: 42 | FT1: 43 | FU1: 44 | FV1: 45 | FW1: 46 | FX1: 47 | FY1: 48 | FZ1: 49 | GA1: 50 | GB1: 51 | GC1: 52 | GD1: 1 | GE1: 2 | GF1: 3 | GG1: 4 | GH1: 5 | GI1: 6 | GJ1: 7 | GK1: 8 | GL1: 9 | GM1: 10 | GN1: 11 | GO1: 12 | GP1: 13 | GQ1: 14 | GR1: 15 | GS1: 16 | GT1: 17 | GU1: 18 | GV1: 19
A2: =ROW()-1 -> 1 | B2: 21/11 | C2: 630 | D2: сырье ТКАНЬ ПОДКЛАДОЧНАЯ ТЕРМООГНЕСТОЙКАЯ,100%м-арамид,90 г/м2,155см | E2: черный | F2: 17000 | G2: 3177 | H2: м | L2: =IF(OR(I2="",J2=""),"",J2-I2) | M2: =IF(OR(I2="",J2="",K2=""),"",IF(I2<=K2,"",(J2-I2)/(I2-K2))) | N2: =IF(J2="","",TEXT(J2,"[$-419]mmmm yyyy")) | O2: 32675 | AS2: - | AT2: ожидает подтверждения (выкрасов, уточнение цвета,количества,тд.)
A3: =ROW()-1 -> 2 | C3: 654 | G3: 2096 | H3: м | L3: =IF(OR(I3="",J3=""),"",J3-I3) | M3: =IF(OR(I3="",J3="",K3=""),"",IF(I3<=K3,"",(J3-I3)/(I3-K3))) | N3: =IF(J3="","",TEXT(J3,"[$-419]mmmm yyyy")) | AS3: - | AT3: заказ в производстве
A4: =ROW()-1 -> 3 | C4: 684 | G4: 7000 | H4: м | L4: =IF(OR(I4="",J4=""),"",J4-I4) | M4: =IF(OR(I4="",J4="",K4=""),"",IF(I4<=K4,"",(J4-I4)/(I4-K4))) | N4: =IF(J4="","",TEXT(J4,"[$-419]mmmm yyyy")) | AS4: - | AT4: заказ в процессе перевозки
A5: =ROW()-1 -> 4 | G5: 7000 | H5: м | I5: 46138 | K5: 45636 | L5: =IF(OR(I5="",J5=""),"",J5-I5) | M5: =IF(OR(I5="",J5="",K5=""),"",IF(I5<=K5,"",(J5-I5)/(I5-K5))) | N5: =IF(J5="","",TEXT(J5,"[$-419]mmmm yyyy")) | AS5: - | AT5: поступление на склад
A6: =ROW()-1 -> 5 | B6: 21/11 | C6: 630 | D6: сырье ТКАНЬ ПОДКЛАДОЧНАЯ ТЕРМООГНЕСТОЙКАЯ,50%м-арамид,50%вискоза ФР,130 г/м2,155см | E6: черный | F6: 17000 | G6: 3125 | H6: м | L6: =IF(OR(I6="",J6=""),"",J6-I6) | M6: =IF(OR(I6="",J6="",K6=""),"",IF(I6<=K6,"",(J6-I6)/(I6-K6))) | N6: =IF(J6="","",TEXT(J6,"[$-419]mmmm yyyy")) | O6: 32675 | AT6: Обязательно к заполнению
A7: =ROW()-1 -> 6 | C7: 654 | G7: 2014 | H7: м | L7: =IF(OR(I7="",J7=""),"",J7-I7) | M7: =IF(OR(I7="",J7="",K7=""),"",IF(I7<=K7,"",(J7-I7)/(I7-K7))) | N7: =IF(J7="","",TEXT(J7,"[$-419]mmmm yyyy"))
A8: =ROW()-1 -> 7 | C8: 684 | G8: 7000 | H8: м | L8: =IF(OR(I8="",J8=""),"",J8-I8) | M8: =IF(OR(I8="",J8="",K8=""),"",IF(I8<=K8,"",(J8-I8)/(I8-K8))) | N8: =IF(J8="","",TEXT(J8,"[$-419]mmmm yyyy"))
A9: =ROW()-1 -> 8 | C9: 687 | G9: 1130 | H9: м | L9: =IF(OR(I9="",J9=""),"",J9-I9) | M9: =IF(OR(I9="",J9="",K9=""),"",IF(I9<=K9,"",(J9-I9)/(I9-K9))) | N9: =IF(J9="","",TEXT(J9,"[$-419]mmmm yyyy"))
A10: =ROW()-1 -> 9 | G10: 9000 | H10: м | I10: 46138 | K10: 45636 | L10: =IF(OR(I10="",J10=""),"",J10-I10) | M10: =IF(OR(I10="",J10="",K10=""),"",IF(I10<=K10,"",(J10-I10)/(I10-K10))) | N10: =IF(J10="","",TEXT(J10,"[$-419]mmmm yyyy"))
A11: =ROW()-1 -> 10 | D11: сырье.BARREL, 93%м-арамид, 5% п-арамид, 2%АНТ, НМВО (Гамма) | E11: TPX 19-4056 | F11: 1000 | H11: м | I11: 46117 | K11: 45881 | L11: =IF(OR(I11="",J11=""),"",J11-I11) | M11: =IF(OR(I11="",J11="",K11=""),"",IF(I11<=K11,"",(J11-I11)/(I11-K11))) | N11: =IF(J11="","",TEXT(J11,"[$-419]mmmm yyyy")) | O11: 34539
A12: =ROW()-1 -> 11 | C12: 725 | D12: пряжа Марс | E12: черный | F12: 2500 | G12: 2591 | H12: кг | I12: 46103 | J12: 46099 | K12: 45881 | L12: =IF(OR(I12="",J12=""),"",J12-I12) -> -4 | M12: =IF(OR(I12="",J12="",K12=""),"",IF(I12<=K12,"",(J12-I12)/(I12-K12))) -> -0.018018018 | N12: =IF(J12="","",TEXT(J12,"[$-419]mmmm yyyy")) -> март 2026
A13: =ROW()-1 -> 12 | D13: пряжа Марс | E13: черный | F13: 2500 | H13: кг | I13: 46138 | K13: 45881 | L13: =IF(OR(I13="",J13=""),"",J13-I13) | M13: =IF(OR(I13="",J13="",K13=""),"",IF(I13<=K13,"",(J13-I13)/(I13-K13))) | N13: =IF(J13="","",TEXT(J13,"[$-419]mmmm yyyy"))
A14: =ROW()-1 -> 13 | D14: пряжа Марс | E14: черный | F14: 5000 | H14: кг | I14: 46152 | K14: 45881 | L14: =IF(OR(I14="",J14=""),"",J14-I14) | M14: =IF(OR(I14="",J14="",K14=""),"",IF(I14<=K14,"",(J14-I14)/(I14-K14))) | N14: =IF(J14="","",TEXT(J14,"[$-419]mmmm yyyy"))
A15: =ROW()-1 -> 14 | D15: пряжа Марс МС | E15: черный | F15: 5000 | G15: 3400 | H15: кг | I15: 46111 | K15: 45881 | L15: =IF(OR(I15="",J15=""),"",J15-I15) | M15: =IF(OR(I15="",J15="",K15=""),"",IF(I15<=K15,"",(J15-I15)/(I15-K15))) | N15: =IF(J15="","",TEXT(J15,"[$-419]mmmm yyyy"))
A16: =ROW()-1 -> 15 | C16: 727 | D16: пряжа Марс МС | E16: черный | G16: 1100 | H16: кг | I16: 46091 | J16: 46090 | K16: 46038 | L16: =IF(OR(I16="",J16=""),"",J16-I16) -> -1 | M16: =IF(OR(I16="",J16="",K16=""),"",IF(I16<=K16,"",(J16-I16)/(I16-K16))) -> -0.018867925 | N16: =IF(J16="","",TEXT(J16,"[$-419]mmmm yyyy")) -> март 2026 | O16: 35815
A17: =ROW()-1 -> 16 | C17: 724 | D17: пряжа Марс МС | E17: черный | G17: 1400 | H17: кг | I17: 46078 | J17: 46078 | K17: 45909 | L17: =IF(OR(I17="",J17=""),"",J17-I17) -> 0 | M17: =IF(OR(I17="",J17="",K17=""),"",IF(I17<=K17,"",(J17-I17)/(I17-K17))) -> 0 | N17: =IF(J17="","",TEXT(J17,"[$-419]mmmm yyyy")) -> февраль 2026 | O17: 34763
A18: =ROW()-1 -> 17 | D18: сырье.мембрана MERCURYTEX PROF PU | F18: 10000 | H18: м | I18: 46138 | K18: 45931 | L18: =IF(OR(I18="",J18=""),"",J18-I18) | M18: =IF(OR(I18="",J18="",K18=""),"",IF(I18<=K18,"",(J18-I18)/(I18-K18))) | N18: =IF(J18="","",TEXT(J18,"[$-419]mmmm yyyy")) | O18: 34969
A19: =ROW()-1 -> 18 | B19: 20/12 | C19: 721 | D19: сырье. ИСЛАНДИЯ, 100%ПЭ, 170 г/м2, DWR, 150 см. | E19: черный | F19: 1200 | G19: 1118 | H19: м | I19: 46111 | J19: 46091 | K19: 46009 | L19: =IF(OR(I19="",J19=""),"",J19-I19) -> -20 | M19: =IF(OR(I19="",J19="",K19=""),"",IF(I19<=K19,"",(J19-I19)/(I19-K19))) -> -0.19607843 | N19: =IF(J19="","",TEXT(J19,"[$-419]mmmm yyyy")) -> март 2026 | O19: 35631
A20: =ROW()-1 -> 19 | B20: 20/12 | C20: 721 | D20: сырье. ИСЛАНДИЯ, 100%ПЭ, 170 г/м2, DWR, 150 см. | E20: navy 19-4023 | F20: 1200 | G20: 1204 | H20: м | I20: 46111 | J20: 46091 | K20: 46009 | L20: =IF(OR(I20="",J20=""),"",J20-I20) -> -20 | M20: =IF(OR(I20="",J20="",K20=""),"",IF(I20<=K20,"",(J20-I20)/(I20-K20))) -> -0.19607843 | N20: =IF(J20="","",TEXT(J20,"[$-419]mmmm yyyy")) -> март 2026 | O20: 35631
A21: =ROW()-1 -> 20 | B21: 20/12 | C21: 721 | D21: сырье. ИСЛАНДИЯ, 100%ПЭ, 170 г/м2, DWR, 150 см. | E21: хаки | F21: 1200 | G21: 1175 | H21: м | I21: 46111 | J21: 46091 | K21: 46009 | L21: =IF(OR(I21="",J21=""),"",J21-I21) -> -20 | M21: =IF(OR(I21="",J21="",K21=""),"",IF(I21<=K21,"",(J21-I21)/(I21-K21))) -> -0.19607843 | N21: =IF(J21="","",TEXT(J21,"[$-419]mmmm yyyy")) -> март 2026 | O21: 35631
A22: =ROW()-1 -> 21 | B22: 24/12 | C22: 718 | D22: сырье.Arctica,100%ПА,DWR,70г/м2,150см | E22: цифра | F22: 900000 | G22: 200319 | H22: м | I22: 46075 | J22: 46071 | K22: 46002 | L22: =IF(OR(I22="",J22=""),"",J22-I22) -> -4 | M22: =IF(OR(I22="",J22="",K22=""),"",IF(I22<=K22,"",(J22-I22)/(I22-K22))) -> -0.054794521 | N22: =IF(J22="","",TEXT(J22,"[$-419]mmmm yyyy")) -> февраль 2026 | O22: 35589
A23: =ROW()-1 -> 22 | B23: 24/12 | C23: 721 | D23: сырье.Arctica,100%ПА,DWR,70г/м2,150см | E23: цифра | G23: 149718 | H23: м | I23: 46117 | J23: 46091 | K23: 46002 | L23: =IF(OR(I23="",J23=""),"",J23-I23) -> -26 | M23: =IF(OR(I23="",J23="",K23=""),"",IF(I23<=K23,"",(J23-I23)/(I23-K23))) -> -0.22608696 | N23: =IF(J23="","",TEXT(J23,"[$-419]mmmm yyyy")) -> март 2026 | O23: 35589
A24: =ROW()-1 -> 23 | B24: 24/12 | C24: 728 | D24: сырье.Arctica,100%ПА,DWR,70г/м2,150см | E24: цифра | G24: 199858 | H24: м | I24: 46117 | K24: 46002 | L24: =IF(OR(I24="",J24=""),"",J24-I24) | M24: =IF(OR(I24="",J24="",K24=""),"",IF(I24<=K24,"",(J24-I24)/(I24-K24))) | N24: =IF(J24="","",TEXT(J24,"[$-419]mmmm yyyy")) | O24: 35589
A25: =ROW()-1 -> 24 | B25: 24/12 | D25: сырье.Arctica,100%ПА,DWR,70г/м2,150см | E25: цифра | G25: =F22-(G22+G23+G24) -> 350105 | H25: м | I25: 46138 | K25: 46002 | L25: =IF(OR(I25="",J25=""),"",J25-I25) | M25: =IF(OR(I25="",J25="",K25=""),"",IF(I25<=K25,"",(J25-I25)/(I25-K25))) | N25: =IF(J25="","",TEXT(J25,"[$-419]mmmm yyyy")) | O25: 35589
A26: =ROW()-1 -> 25 | B26: 24/12 | C26: 722 | D26: сырье ТРИКОТАЖ,100%ПЭ,85г/м2,150см | E26: черный | F26: 22000 | H26: м | I26: 46111 | K26: 46017 | L26: =IF(OR(I26="",J26=""),"",J26-I26) | M26: =IF(OR(I26="",J26="",K26=""),"",IF(I26<=K26,"",(J26-I26)/(I26-K26))) | N26: =IF(J26="","",TEXT(J26,"[$-419]mmmm yyyy")) | O26: 35715
A27: =ROW()-1 -> 26 | B27: 24/12 | C27: 720 | D27: сырье ТРИКОТАЖ,100%ПЭ,85г/м2,150см | E27: черный | F27: 3000 | G27: 2777.9 | H27: м | I27: 46068 | J27: 46068 | K27: 46017 | L27: =IF(OR(I27="",J27=""),"",J27-I27) -> 0 | M27: =IF(OR(I27="",J27="",K27=""),"",IF(I27<=K27,"",(J27-I27)/(I27-K27))) -> 0 | N27: =IF(J27="","",TEXT(J27,"[$-419]mmmm yyyy")) -> февраль 2026 | O27: 35715
A28: =ROW()-1 -> 27 | C28: 714 | D28: гранулы. super element MERCURYTEX GREY | E28: серый | F28: 400 | G28: 400 | H28: кг | I28: 46075 | J28: 46094 | K28: 46002 | L28: =IF(OR(I28="",J28=""),"",J28-I28) -> 19 | M28: =IF(OR(I28="",J28="",K28=""),"",IF(I28<=K28,"",(J28-I28)/(I28-K28))) -> 0.26027397 | N28: =IF(J28="","",TEXT(J28,"[$-419]mmmm yyyy")) -> март 2026 | O28: 35589
A29: =ROW()-1 -> 28 | C29: 722 | D29: гранулы. super element MERCURYTEX GREY | E29: серый | F29: 1600 | G29: 1600 | H29: кг | I29: 46103 | K29: 46002 | L29: =IF(OR(I29="",J29=""),"",J29-I29) | M29: =IF(OR(I29="",J29="",K29=""),"",IF(I29<=K29,"",(J29-I29)/(I29-K29))) | N29: =IF(J29="","",TEXT(J29,"[$-419]mmmm yyyy")) | O29: 35589
A30: =ROW()-1 -> 29 | C30: 723 | D30: гранулы.MERCURYTEX SHIELD. STANDARD | F30: 11000 | G30: 11000 | H30: кг | I30: 46103 | K30: 46002 | L30: =IF(OR(I30="",J30=""),"",J30-I30) | M30: =IF(OR(I30="",J30="",K30=""),"",IF(I30<=K30,"",(J30-I30)/(I30-K30))) | N30: =IF(J30="","",TEXT(J30,"[$-419]mmmm yyyy")) | O30: 35589
A31: =ROW()-1 -> 30 | C31: 723 | D31: гранулы.MERCURYTEX TURBO ACTIVE | F31: 16000 | G31: 16000 | H31: кг | I31: 46103 | K31: 46002 | L31: =IF(OR(I31="",J31=""),"",J31-I31) | M31: =IF(OR(I31="",J31="",K31=""),"",IF(I31<=K31,"",(J31-I31)/(I31-K31))) | N31: =IF(J31="","",TEXT(J31,"[$-419]mmmm yyyy"))
A32: =ROW()-1 -> 31 | B32: 11/11 | C32: 721 | D32: сырье СОФТ,95%ПЭ5%СП, 120 г/м2,145-150см | E32: под крашение | G32: 52340 | H32: м | I32: 46117 | J32: 46091 | K32: 45990 | L32: =IF(OR(I32="",J32=""),"",J32-I32) -> -26 | M32: =IF(OR(I32="",J32="",K32=""),"",IF(I32<=K32,"",(J32-I32)/(I32-K32))) -> -0.20472441 | N32: =IF(J32="","",TEXT(J32,"[$-419]mmmm yyyy")) -> март 2026 | O32: 35291
A33: =ROW()-1 -> 32 | B33: 11/11 | C33: 722 | D33: сырье СОФТ,95%ПЭ5%СП, 120 г/м2,145-150см | E33: под крашение | G33: 21135 | H33: м | I33: 46111 | K33: 45990 | L33: =IF(OR(I33="",J33=""),"",J33-I33) | M33: =IF(OR(I33="",J33="",K33=""),"",IF(I33<=K33,"",(J33-I33)/(I33-K33))) | N33: =IF(J33="","",TEXT(J33,"[$-419]mmmm yyyy")) | O33: 35291
A34: =ROW()-1 -> 33 | D34: сырье ENERGY FR|AS,НМВО,150г/м2,150см,черный | E34: черный | G34: 100 | H34: м | I34: 46103 | J34: 46097 | K34: 45744 | L34: =IF(OR(I34="",J34=""),"",J34-I34) -> -6 | M34: =IF(OR(I34="",J34="",K34=""),"",IF(I34<=K34,"",(J34-I34)/(I34-K34))) -> -0.016713092 | N34: =IF(J34="","",TEXT(J34,"[$-419]mmmm yyyy")) -> март 2026 | O34: 33431
A35: =ROW()-1 -> 34 | B35: 17/02 | D35: Полотно термоогнестойкое трикотажное сетчатое (трикотажная сетка) MARS-S, 120 г/м2, 160 см | E35: черный | G35: 700 | H35: кг | I35: 46117 | K35: 46038 | L35: =IF(OR(I35="",J35=""),"",J35-I35) | M35: =IF(OR(I35="",J35="",K35=""),"",IF(I35<=K35,"",(J35-I35)/(I35-K35))) | N35: =IF(J35="","",TEXT(J35,"[$-419]mmmm yyyy")) | O35: 35815
A36: =ROW()-1 -> 35 | D36: сырье BARREL стрейч 2,90%м-арамид,5%п-арамид,3%СП,2%АНТ,НМВО,150г/м2,150см, | E36: TPX 19-4056 | G36: 100 | H36: м | I36: 46112 | K36: 45888 | L36: =IF(OR(I36="",J36=""),"",J36-I36) | M36: =IF(OR(I36="",J36="",K36=""),"",IF(I36<=K36,"",(J36-I36)/(I36-K36))) | N36: =IF(J36="","",TEXT(J36,"[$-419]mmmm yyyy")) | O36: 34593
A37: =ROW()-1 -> 36 | D37: сырье BARREL стрейч 2,90%м-арамид,5%п-арамид,3%СП,2%АНТ,НМВО,150г/м2,150см, | E37: TPX 19-3864 | G37: 138 | H37: м | I37: 46112 | K37: 45888 | L37: =IF(OR(I37="",J37=""),"",J37-I37) | M37: =IF(OR(I37="",J37="",K37=""),"",IF(I37<=K37,"",(J37-I37)/(I37-K37))) | N37: =IF(J37="","",TEXT(J37,"[$-419]mmmm yyyy")) | O37: 34593
A38: =ROW()-1 -> 37 | D38: сырье BARREL стрейч 2,90%м-арамид,5%п-арамид,3%СП,2%АНТ,НМВО,150г/м2,150см, | E38: TPX 17-1464 | G38: 135 | H38: м | I38: 46112 | K38: 45888 | L38: =IF(OR(I38="",J38=""),"",J38-I38) | M38: =IF(OR(I38="",J38="",K38=""),"",IF(I38<=K38,"",(J38-I38)/(I38-K38))) | N38: =IF(J38="","",TEXT(J38,"[$-419]mmmm yyyy")) | O38: 34593
